college,division,year,placing_pct,predicted_placing,error,abs_error
BNG,1,2025,0.8888888888888888,0.5075190697519705,-0.38136981913691836,0.38136981913691836
BNG,2,2025,0.5,0.61414718235048,0.11414718235048005,0.11414718235048005
BNG,3,2025,0.25,0.5882819721541471,0.3382819721541471,0.3382819721541471
BNG,4,2025,1.0,0.48535634753254603,-0.514643652467454,0.514643652467454
BNG,5,2025,0.7058823529411765,0.6771915773334504,-0.02869077560772615,0.02869077560772615
BNG,6,2025,0.0,0.3155450306318832,0.3155450306318832,0.3155450306318832
BNG,7,2025,0.6363636363636364,0.30380434271689094,-0.3325592936467454,0.3325592936467454
Bruce,1,2025,0.3333333333333333,0.5248528098629114,0.19151947652957807,0.19151947652957807
Bruce,2,2025,0.0,0.6187807437522997,0.6187807437522997,0.6187807437522997
Bruce,3,2025,0.875,0.6717859923516235,-0.2032140076483765,0.2032140076483765
Bruce,4,2025,0.0,0.6272404645460347,0.6272404645460347,0.6272404645460347
Bruce,5,2025,0.8823529411764706,0.5691735794654217,-0.3131793617110489,0.3131793617110489
Bruce,6,2025,0.9375,0.6172748794689369,-0.3202251205310631,0.3202251205310631
Bruce,7,2025,0.0909090909090909,0.54636945990685,0.45546036899775916,0.45546036899775916
Burgmann,1,2025,0.3333333333333333,0.2958296541857959,-0.03750367914753744,0.03750367914753744
Burgmann,2,2025,0.875,0.6297558320097796,-0.24524416799022042,0.24524416799022042
Burgmann,3,2025,0.625,0.4781571157739285,-0.1468428842260715,0.1468428842260715
Burgmann,4,2025,0.5,0.37723825111515574,-0.12276174888484426,0.12276174888484426
Burgmann,5,2025,0.6470588235294118,0.4850196253008752,-0.16203919822853657,0.16203919822853657
Burgmann,6,2025,1.0,0.3336253125461329,-0.6663746874538671,0.6663746874538671
Burgmann,7,2025,0.9090909090909092,0.3205594552197078,-0.5885314538712014,0.5885314538712014
Fenner,1,2025,0.5555555555555556,0.4152371577957046,-0.140318397759851,0.140318397759851
Fenner,2,2025,0.375,0.5700512072248953,0.19505120722489533,0.19505120722489533
Fenner,3,2025,1.0,0.49145758411016804,-0.508542415889832,0.508542415889832
Fenner,4,2025,0.75,0.6098101665265135,-0.14018983347348646,0.14018983347348646
Fenner,5,2025,0.7647058823529411,0.5424471143357344,-0.22225876801720668,0.22225876801720668
Fenner,6,2025,0.6875,0.633031049092221,-0.054468950907779035,0.054468950907779035
Fenner,7,2025,0.3636363636363636,0.6284459434221671,0.2648095797858035,0.2648095797858035
Griffin,1,2025,1.0,0.6990035061509192,-0.3009964938490808,0.3009964938490808
Griffin,2,2025,1.0,0.6704468175637021,-0.32955318243629794,0.32955318243629794
Griffin,3,2025,0.75,0.511451308371766,-0.238548691628234,0.238548691628234
Griffin,4,2025,0.875,0.5219781418764228,-0.3530218581235772,0.3530218581235772
Griffin,5,2025,0.8235294117647058,0.5343702636216192,-0.28915914814308663,0.28915914814308663
Griffin,6,2025,0.625,0.5577727999850541,-0.06722720001494586,0.06722720001494586
Griffin,7,2025,0.4545454545454545,0.46007737211938693,0.005531917573932454,0.005531917573932454
Johns,1,2025,0.6666666666666666,0.3610186399305372,-0.30564802673612945,0.30564802673612945
Johns,2,2025,0.625,0.4292576882843403,-0.1957423117156597,0.1957423117156597
Johns,3,2025,0.5,0.26304094301352043,-0.23695905698647957,0.23695905698647957
Johns,4,2025,0.375,0.3835440359468524,0.00854403594685238,0.00854403594685238
Johns,5,2025,0.5294117647058824,0.4146441512951867,-0.11476761341069563,0.11476761341069563
Johns,6,2025,0.8125,0.3655299980031955,-0.4469700019968045,0.4469700019968045
Johns,7,2025,0.7272727272727273,0.32174317378558,-0.4055295534871473,0.4055295534871473
Lodge,1,2025,0.7777777777777778,0.5027223751657021,-0.27505540261207573,0.27505540261207573
Lodge,5,2025,0.9411764705882352,0.40612912415723146,-0.5350473464310037,0.5350473464310037
Lodge,7,2025,0.2727272727272727,0.3052342032950842,0.03250693056781151,0.03250693056781151
Ursula,1,2025,0.0,0.4446081984994118,0.4446081984994118,0.4446081984994118
Ursula,2,2025,0.0,0.42763406401005133,0.42763406401005133,0.42763406401005133
Ursula,3,2025,0.0,0.4030856592412644,0.4030856592412644,0.4030856592412644
Ursula,4,2025,0.0,0.4070112022374504,0.4070112022374504,0.4070112022374504
Ursula,5,2025,1.0,0.43474715146670984,-0.5652528485332902,0.5652528485332902
Ursula,6,2025,0.875,0.3631214237875288,-0.5118785762124711,0.5118785762124711
Ursula,7,2025,1.0,0.39370975823099263,-0.6062902417690074,0.6062902417690074
Wamburun,1,2025,0.4444444444444444,0.5319467045492917,0.0875022601048473,0.0875022601048473
Wamburun,3,2025,0.0,0.375925996543507,0.375925996543507,0.375925996543507
Wamburun,4,2025,0.25,0.2855689406348361,0.03556894063483612,0.03556894063483612
Wamburun,5,2025,0.4705882352941176,0.1892388278313173,-0.2813494074628003,0.2813494074628003
Wamburun,6,2025,0.5625,0.3626172240036827,-0.19988277599631732,0.19988277599631732
Wamburun,7,2025,0.5454545454545454,0.3752501292800915,-0.17020441617445392,0.17020441617445392
Wright,1,2025,0.1111111111111111,0.5304834398778702,0.41937232876675906,0.41937232876675906
Wright,2,2025,0.75,0.5441676401941334,-0.20583235980586656,0.20583235980586656
Wright,3,2025,0.125,0.4255097269012415,0.3005097269012415,0.3005097269012415
Wright,4,2025,0.125,0.3324770588508973,0.2074770588508973,0.2074770588508973
Wright,5,2025,0.5882352941176471,0.44410257545730164,-0.14413271866034544,0.14413271866034544
Wright,6,2025,0.75,0.5348400783778701,-0.21515992162212993,0.21515992162212993
Wright,7,2025,0.8181818181818182,0.4135026678514041,-0.40467915033041413,0.40467915033041413
Yukeembruk,3,2025,0.375,0.5559003413588596,0.18090034135885957,0.18090034135885957
Yukeembruk,4,2025,0.625,0.43905783624463685,-0.18594216375536315,0.18594216375536315
Yukeembruk,5,2025,0.4117647058823529,0.32854559643448317,-0.08321910944786975,0.08321910944786975
Yukeembruk,6,2025,0.5625,0.24791177094000574,-0.3145882290599943,0.3145882290599943
Yukeembruk,7,2025,0.1818181818181818,0.48369516869333457,0.30187698687515274,0.30187698687515274
