,division,year,total_yoe,max_yoe,num_new_runners,avg_div,avg_last_div,avg_highest_div,avg_lowest_div,best_runner_div,worst_runner_div,avg_score,avg_last_score,avg_best_score,avg_worst_score,best_runner_score,worst_runner_score,avg_team_score,last_team_score,best_team_score,worst_team_score,college_last_placing,college_avg_placing,college_best_placing,college_worst_placing,sum_dnf_dq,total_rogs,max_rogs,avg_rog,avg_last_rog,avg_best_rog,avg_worst_rog,best_rog,worst_rog,score
division,1.0,-0.04271679520984225,-0.347799540307231,-0.22979419979915203,0.33566169944488394,0.533770059354901,0.48988236415318986,0.48867640593526274,0.5500208479270309,0.5094622998616966,0.40306815044351907,0.031724672706957974,0.02799450947218029,-0.005978456670172439,0.06890620798077135,-0.11275974600795545,0.2010920976031814,0.15575902590206303,-0.003953199544809605,0.13146512033092603,0.13781857050601243,0.07785064938981019,0.07826236416222233,0.0985348627378376,0.051593837407849306,-0.12887421300287147,-0.4629876784356133,-0.370533856087465,-0.26188711367440654,-0.2915877071372215,-0.3479169453812307,-0.1210179632480708,-0.3402393183772103,-0.02914993627135826,0.010189379970582606
year,-0.04271679520984225,1.0,0.44526751774599294,0.5762645326364026,-0.43438116088485945,-0.03836060249435211,-0.07143686902222826,-0.10544018118262762,0.031473815416169164,-0.14767434367221915,0.11058038181109146,-0.3324504123101232,-0.32182692377839434,-0.24582526002161156,-0.39055680897969813,-0.1692469663086735,-0.43162348830907904,-0.23234986231934543,-0.2228335555734003,0.05721193388383211,-0.419550098681676,0.06623867842118895,0.07891472733764757,-0.24594101559800488,0.32223060672049414,-0.05686479984771265,0.22849363365204622,0.3606012491193116,0.09676706331260339,0.03516526638338825,0.1482139281281303,0.020791996097300397,0.10891831254463578,0.049825865567648626,0.08816465940542283
total_yoe,-0.347799540307231,0.44526751774599294,1.0,0.8416677358540686,-0.8738732980111088,-0.3244827275902738,-0.36404015987383626,-0.3776508271015228,-0.25643513646939264,-0.5012534003951549,0.006925802735174086,-0.06362723943553088,-0.08272033470613509,0.08547334835737858,-0.21306096598744753,0.31725062783614805,-0.40198074007589957,-0.051857281536821134,0.03874512798918388,0.020692707785976962,-0.15456110929103248,-0.05904129136842076,-0.015827598259809426,-0.11980420076446996,0.06304595495273899,-0.08948439615555262,0.7052439273699423,0.6675338796308935,0.17487841309241697,0.1898528926347302,0.32468108854882144,-0.03385334247361454,0.3674123712835294,-0.10024518730740237,0.11967850687014998
max_yoe,-0.22979419979915203,0.5762645326364026,0.8416677358540686,1.0,-0.7081162315436655,-0.24387607548541793,-0.3217270313605616,-0.3792744832440449,-0.09605262737273579,-0.40400470948806544,0.04822712340313557,-0.06779246646898555,-0.10497234420309944,0.14535407441763273,-0.2695836845014113,0.26630920549954107,-0.37981182107587336,-0.07249503269495851,0.04786852318412545,-0.0050257639794243575,-0.14180948393610857,-0.14002075351279522,-0.05975425091129708,-0.19481595684434613,0.050033290785772504,-0.040474961313117994,0.5622530323276143,0.6227351801493879,0.11972821093088248,0.10381309836167976,0.23740268520733093,-0.038728745274207145,0.29111391230258665,-0.10519206542084471,0.07784582623516394
num_new_runners,0.33566169944488394,-0.43438116088485945,-0.8738732980111088,-0.7081162315436655,1.0,0.2923174834728763,0.2977479279590836,0.28437017993334895,0.28653052989619665,0.475485540922433,-0.003795587900703284,0.0570137710652444,0.052519778308495815,0.003538014374779046,0.10945387371079981,-0.25922960301976733,0.32988340653744264,0.0963357842452451,0.015642135414089448,0.06783137222832945,0.10098182268029884,0.03636276586370502,0.015409276249656047,0.07054544335759562,-0.025794265086975163,0.08630035620929999,-0.590549461609992,-0.5651656099204376,-0.16103694554696782,-0.1760454080085719,-0.31786794008674346,0.04562929580972392,-0.32988783894840346,0.09729659616176521,-0.07783123289427626
avg_div,0.533770059354901,-0.03836060249435211,-0.3244827275902738,-0.24387607548541793,0.2923174834728763,1.0,0.9701973969018945,0.9734344022958883,0.9722477932557843,0.9023182678771,0.8538641712935858,0.06817003049202712,0.04839358900148859,-0.0053883100212991555,0.13726392529717657,-0.08840647456778868,0.2297482867496072,0.06300881648549878,-0.04916039027081551,0.03583876344483506,0.06355912699827339,0.12187195889464275,0.12448878941332406,0.1618793496596901,0.07423105554940095,0.12631592506087153,-0.34406303832314905,-0.28495294217066935,-0.3009063853823493,-0.37898310282580233,-0.38548481295031134,-0.1416850114404861,-0.39657274043995433,-0.021401176617599285,-0.2705888323715732
avg_last_div,0.48988236415318986,-0.07143686902222826,-0.36404015987383626,-0.3217270313605616,0.2977479279590836,0.9701973969018945,1.0,0.9724636849108691,0.915619474032138,0.905980470723948,0.7914815213495259,0.0783402769189374,0.07517413557562469,-0.011590280034440605,0.16125969175675825,-0.1020345408574691,0.25444004550441474,0.04617681565380977,-0.06082206406091487,0.01565228649729175,0.05763013873101119,0.10866961198864039,0.11968592460109152,0.16409415755381712,0.06815958797262346,0.12420103596788237,-0.3772755477157009,-0.33143353970164185,-0.2968767570890119,-0.37414558752731614,-0.3812425578080881,-0.14026780112489645,-0.39447413189356184,-0.023380186891423276,-0.2745486846173075
avg_highest_div,0.48867640593526274,-0.10544018118262762,-0.3776508271015228,-0.3792744832440449,0.28437017993334895,0.9734344022958883,0.9724636849108691,1.0,0.8931182516058099,0.9257051084241956,0.7705604599292097,0.07363573740047663,0.06394530266882334,-0.029036169096819855,0.16866403302721322,-0.1101977270991234,0.2584561739581065,0.06282136070567895,-0.05550849570120545,0.029213300626252745,0.07440441500481222,0.14602894594444593,0.129567429093787,0.19439920330973054,0.058917125252436565,0.14596680745896434,-0.36377503283353424,-0.3307568172154434,-0.28544176363926105,-0.3562897423929495,-0.37108123009350913,-0.1290952212079488,-0.39338656033199576,-0.017468863548349072,-0.29970652926459074
avg_lowest_div,0.5500208479270309,0.031473815416169164,-0.25643513646939264,-0.09605262737273579,0.28653052989619665,0.9722477932557843,0.915619474032138,0.8931182516058099,1.0,0.8285049515638256,0.891515076266047,0.05999038414765063,0.030751173737339856,0.020512518274716465,0.0983881346134815,-0.060268303932854456,0.18784275958800198,0.059191270194804586,-0.04094999198415166,0.03991895486695956,0.049729734218072044,0.08795020840931299,0.11027893072501042,0.11699210593732831,0.08437062447858787,0.09980197959501465,-0.3075535460303042,-0.2241266911733468,-0.30043868427461573,-0.38145122581873414,-0.3794544929410542,-0.14694409197923047,-0.37890318520297767,-0.0249949420096649,-0.2272755164385096
best_runner_div,0.5094622998616966,-0.14767434367221915,-0.5012534003951549,-0.40400470948806544,0.475485540922433,0.9023182678771,0.905980470723948,0.9257051084241956,0.8285049515638256,1.0,0.5859696625465387,0.07888655617670239,0.06227163584943804,-0.013599572128845912,0.16280848021653366,-0.1644095209064294,0.34066050771151746,0.039611620052997815,-0.09129643795978962,0.009421080160683238,0.05589143885411357,0.1428263866058358,0.1190910495165641,0.19791967091322746,0.03571737943063799,0.16979058220510485,-0.4367264497982977,-0.4093373755973068,-0.30646616189778797,-0.3789975335019176,-0.4080698934725506,-0.13117286661557992,-0.4188111687370836,-0.033460386701704044,-0.30251989100900606
worst_runner_div,0.40306815044351907,0.11058038181109146,0.006925802735174086,0.04822712340313557,-0.003795587900703284,0.8538641712935858,0.7914815213495259,0.7705604599292097,0.891515076266047,0.5859696625465387,1.0,0.03112978848902433,-0.014526314425021896,0.01613468825536665,0.04983349983887483,0.037853800371033336,0.03919806295360295,0.06860028427227206,-0.002157741547826129,0.038245022327183055,0.05035233730165467,0.07952941436331341,0.10473569169937647,0.07210948683642335,0.11260578319570519,0.050478963302915736,-0.10697253963704739,-0.03654200558680224,-0.24027293694076385,-0.306473876634223,-0.2743481096422164,-0.14783103932037184,-0.272478037296868,-0.061246248816739755,-0.18705272731827957
avg_score,0.031724672706957974,-0.3324504123101232,-0.06362723943553088,-0.06779246646898555,0.0570137710652444,0.06817003049202712,0.0783402769189374,0.07363573740047663,0.05999038414765063,0.07888655617670239,0.03112978848902433,1.0,0.9553795171534102,0.9588454827413158,0.9615278681379933,0.8321205620362543,0.853250301225244,0.5983633230759416,0.4652277607128104,0.5274671163444213,0.5371873520348418,-0.5239135438668283,-0.5116121335911152,-0.37501016844619345,-0.5295869658024976,0.06400732916427633,-0.016807677808193186,0.03191939148457749,0.16550924930756972,0.09324017757440044,0.15071281419264732,0.1600915253476925,0.16295790616113576,0.11992388466107907,0.06619849984893664
avg_last_score,0.02799450947218029,-0.32182692377839434,-0.08272033470613509,-0.10497234420309944,0.052519778308495815,0.04839358900148859,0.07517413557562469,0.06394530266882334,0.030751173737339856,0.06227163584943804,-0.014526314425021896,0.9553795171534102,1.0,0.8897670425726197,0.9404020522988891,0.7499073194445147,0.8314446439396334,0.5347389342862224,0.4550988516131951,0.4582683179077843,0.4939755823701497,-0.4993137256474322,-0.4315468120085353,-0.31638315529041827,-0.44453107475107506,0.05851956659936241,-0.03986430242493109,-0.022132243621408542,0.13339591940703843,0.06996902402529742,0.11666428615950333,0.13653765356765343,0.11964152277190906,0.10966350079419948,0.07659766663050371
avg_best_score,-0.005978456670172439,-0.24582526002161156,0.08547334835737858,0.14535407441763273,0.003538014374779046,-0.0053883100212991555,-0.011590280034440605,-0.029036169096819855,0.020512518274716465,-0.013599572128845912,0.01613468825536665,0.9588454827413158,0.8897670425726197,1.0,0.8447512883780158,0.8918313863288143,0.7294986284180981,0.5929353174452325,0.4715033206632718,0.540809085284488,0.5110280678870638,-0.5421199508545402,-0.5188079267082708,-0.4271768675002654,-0.5021896567517284,0.038073993668636376,0.06465581285870133,0.13856107265063672,0.1980657432390324,0.13768410436439404,0.20383440740690034,0.1583745942821931,0.21739106849963646,0.11789674646933011,0.11576764318859764
avg_worst_score,0.06890620798077135,-0.39055680897969813,-0.21306096598744753,-0.2695836845014113,0.10945387371079981,0.13726392529717657,0.16125969175675825,0.16866403302721322,0.0983881346134815,0.16280848021653366,0.04983349983887483,0.9615278681379933,0.9404020522988891,0.8447512883780158,1.0,0.7087815087841233,0.9061767077392436,0.5482743387202694,0.4120865816709532,0.46330517355617706,0.5202352899408895,-0.4629231969022912,-0.4621482469197688,-0.2934581918734362,-0.5122151483092262,0.08455278638492379,-0.10165364551073408,-0.07535985852693608,0.11812303507136473,0.039653571511301326,0.0838424694418434,0.14810346927405366,0.0936094334465935,0.11084519963527903,0.007600575241729591
best_runner_score,-0.11275974600795545,-0.1692469663086735,0.31725062783614805,0.26630920549954107,-0.25922960301976733,-0.08840647456778868,-0.1020345408574691,-0.1101977270991234,-0.060268303932854456,-0.1644095209064294,0.037853800371033336,0.8321205620362543,0.7499073194445147,0.8918313863288143,0.7087815087841233,1.0,0.4970068414544598,0.5129878975491348,0.4333877750670863,0.4784741040437631,0.4213491974282917,-0.4644318091568789,-0.4360386171753732,-0.36937637114698046,-0.41108423249988585,-0.010626886035165494,0.22161915404959948,0.2684254272401809,0.2419588822331486,0.164602859726618,0.2746081797090462,0.1627590528342748,0.2964205421717618,0.09464120065760565,0.14782874465834883
worst_runner_score,0.2010920976031814,-0.43162348830907904,-0.40198074007589957,-0.37981182107587336,0.32988340653744264,0.2297482867496072,0.25444004550441474,0.2584561739581065,0.18784275958800198,0.34066050771151746,0.03919806295360295,0.853250301225244,0.8314446439396334,0.7294986284180981,0.9061767077392436,0.4970068414544598,1.0,0.5005687816141008,0.3302573683226609,0.3908997554778003,0.5013999271181377,-0.37289292591672046,-0.4077194358754358,-0.22105848461275757,-0.4828572078152737,0.11002900932895324,-0.23356316726532214,-0.2094011481411396,0.0378991707329971,-0.020865971977554208,-0.019824772361771607,0.1015110430229554,-0.023682627820601307,0.09871869978049162,-0.04122500031441189
avg_team_score,0.15575902590206303,-0.23234986231934543,-0.051857281536821134,-0.07249503269495851,0.0963357842452451,0.06300881648549878,0.04617681565380977,0.06282136070567895,0.059191270194804586,0.039611620052997815,0.06860028427227206,0.5983633230759416,0.5347389342862224,0.5929353174452325,0.5482743387202694,0.5129878975491348,0.5005687816141008,1.0,0.8404605204046525,0.8491748929676178,0.8873671834508479,-0.48963265373832104,-0.5337307367621671,-0.4174215120446242,-0.5435046756557738,0.054576961025022304,-0.007576082741955007,-0.03334765040482386,0.18044790879638078,0.12089754119025682,0.13232047788193801,0.2070495651955139,0.1698779034346201,0.1695840180783455,0.009629611856226008
last_team_score,-0.003953199544809605,-0.2228335555734003,0.03874512798918388,0.04786852318412545,0.015642135414089448,-0.04916039027081551,-0.06082206406091487,-0.05550849570120545,-0.04094999198415166,-0.09129643795978962,-0.002157741547826129,0.4652277607128104,0.4550988516131951,0.4715033206632718,0.4120865816709532,0.4333877750670863,0.3302573683226609,0.8404605204046525,1.0,0.6282389625745763,0.8037658360427898,-0.4956385696679996,-0.4327249203944917,-0.36392374953592077,-0.417360167360338,0.02061648907773773,0.09605021330035199,0.08423589308530031,0.11278664348321339,0.056928900163349276,0.09743498059487038,0.11349225713389502,0.15215794749630254,0.06949732047594753,0.06174471772243973
best_team_score,0.13146512033092603,0.05721193388383211,0.020692707785976962,-0.0050257639794243575,0.06783137222832945,0.03583876344483506,0.01565228649729175,0.029213300626252745,0.03991895486695956,0.009421080160683238,0.038245022327183055,0.5274671163444213,0.4582683179077843,0.540809085284488,0.46330517355617706,0.4784741040437631,0.3908997554778003,0.8491748929676178,0.6282389625745763,1.0,0.5251629347398526,-0.4568462788525652,-0.5138067795828087,-0.4906902343814973,-0.4579074227855176,0.004456923211309292,-0.03475357751092291,-0.02238558540585677,0.30394810612848533,0.19437255021429412,0.24068462295269802,0.3251899720259247,0.23359409294448263,0.28612335329562133,0.1103652726724216
worst_team_score,0.13781857050601243,-0.419550098681676,-0.15456110929103248,-0.14180948393610857,0.10098182268029884,0.06355912699827339,0.05763013873101119,0.07440441500481222,0.049729734218072044,0.05589143885411357,0.05035233730165467,0.5371873520348418,0.4939755823701497,0.5110280678870638,0.5202352899408895,0.4213491974282917,0.5013999271181377,0.8873671834508479,0.8037658360427898,0.5251629347398526,1.0,-0.39804984335790555,-0.43078541950958554,-0.25391023559535153,-0.5010644879202402,0.07054878545798085,-0.015010324023669459,-0.05175718399297174,0.06820945847987565,0.04990339217905973,0.03684397422139357,0.09478649114564514,0.08737052864907886,0.05735459449430363,-0.05395444404645633
college_last_placing,0.07785064938981019,0.06623867842118895,-0.05904129136842076,-0.14002075351279522,0.03636276586370502,0.12187195889464275,0.10866961198864039,0.14602894594444593,0.08795020840931299,0.1428263866058358,0.07952941436331341,-0.5239135438668283,-0.4993137256474322,-0.5421199508545402,-0.4629231969022912,-0.4644318091568789,-0.37289292591672046,-0.48963265373832104,-0.4956385696679996,-0.4568462788525652,-0.39804984335790555,1.0,0.8857151409981895,0.8239519600640506,0.7837438907951236,0.003059164940335946,-0.02787755766559111,-0.07165436522465403,-0.23064918917462954,-0.15519602212054404,-0.21283206731685197,-0.21021830693524496,-0.19046873007507364,-0.13779063467879993,-0.11829845281566065
college_avg_placing,0.07826236416222233,0.07891472733764757,-0.015827598259809426,-0.05975425091129708,0.015409276249656047,0.12448878941332406,0.11968592460109152,0.129567429093787,0.11027893072501042,0.1190910495165641,0.10473569169937647,-0.5116121335911152,-0.4315468120085353,-0.5188079267082708,-0.4621482469197688,-0.4360386171753732,-0.4077194358754358,-0.5337307367621671,-0.4327249203944917,-0.5138067795828087,-0.43078541950958554,0.8857151409981895,1.0,0.8854316654616837,0.9329372355173082,0.002214059315443553,-0.029549073405543035,-0.07298354668791703,-0.3185079550192914,-0.25831972586346347,-0.30766875944564054,-0.2762507850352967,-0.2699162902300676,-0.20740451429580767,-0.1002336391054348
college_best_placing,0.0985348627378376,-0.24594101559800488,-0.11980420076446996,-0.19481595684434613,0.07054544335759562,0.1618793496596901,0.16409415755381712,0.19439920330973054,0.11699210593732831,0.19791967091322746,0.07210948683642335,-0.37501016844619345,-0.31638315529041827,-0.4271768675002654,-0.2934581918734362,-0.36937637114698046,-0.22105848461275757,-0.4174215120446242,-0.36392374953592077,-0.4906902343814973,-0.25391023559535153,0.8239519600640506,0.8854316654616837,1.0,0.6718079030863854,0.07689072822824493,-0.07837190718796565,-0.17619621550110098,-0.3537839833267617,-0.3045427157302911,-0.34527389545060977,-0.29611627743681096,-0.27296757577955,-0.23544013061219854,-0.21639942728584285
college_worst_placing,0.051593837407849306,0.32223060672049414,0.06304595495273899,0.050033290785772504,-0.025794265086975163,0.07423105554940095,0.06815958797262346,0.058917125252436565,0.08437062447858787,0.03571737943063799,0.11260578319570519,-0.5295869658024976,-0.44453107475107506,-0.5021896567517284,-0.5122151483092262,-0.41108423249988585,-0.4828572078152737,-0.5435046756557738,-0.417360167360338,-0.4579074227855176,-0.5010644879202402,0.7837438907951236,0.9329372355173082,0.6718079030863854,1.0,-0.05860768343893438,0.00775697473724048,0.00798452130457132,-0.2642181307546509,-0.20732306286708152,-0.2540763495168875,-0.2364912102199888,-0.24889537450002822,-0.16084517748788593,0.013986091785058571
sum_dnf_dq,-0.12887421300287147,-0.05686479984771265,-0.08948439615555262,-0.040474961313117994,0.08630035620929999,0.12631592506087153,0.12420103596788237,0.14596680745896434,0.09980197959501465,0.16979058220510485,0.050478963302915736,0.06400732916427633,0.05851956659936241,0.038073993668636376,0.08455278638492379,-0.010626886035165494,0.11002900932895324,0.054576961025022304,0.02061648907773773,0.004456923211309292,0.07054878545798085,0.003059164940335946,0.002214059315443553,0.07689072822824493,-0.05860768343893438,1.0,-0.012801653442812328,0.012355317451035247,-0.1604266020748078,-0.1714823057340558,-0.14858512497211165,-0.14481386810392202,-0.1158956736713776,-0.0999538853253973,-0.7968073392399299
total_rogs,-0.4629876784356133,0.22849363365204622,0.7052439273699423,0.5622530323276143,-0.590549461609992,-0.34406303832314905,-0.3772755477157009,-0.36377503283353424,-0.3075535460303042,-0.4367264497982977,-0.10697253963704739,-0.016807677808193186,-0.03986430242493109,0.06465581285870133,-0.10165364551073408,0.22161915404959948,-0.23356316726532214,-0.007576082741955007,0.09605021330035199,-0.03475357751092291,-0.015010324023669459,-0.02787755766559111,-0.029549073405543035,-0.07837190718796565,0.00775697473724048,-0.012801653442812328,1.0,0.7937639843108726,0.18744872123212963,0.22174659440366679,0.3449561263694454,-0.019036322243878738,0.4684888763930402,-0.18273716584068195,0.03400490197965797
max_rogs,-0.370533856087465,0.3606012491193116,0.6675338796308935,0.6227351801493879,-0.5651656099204376,-0.28495294217066935,-0.33143353970164185,-0.3307568172154434,-0.2241266911733468,-0.4093373755973068,-0.03654200558680224,0.03191939148457749,-0.022132243621408542,0.13856107265063672,-0.07535985852693608,0.2684254272401809,-0.2094011481411396,-0.03334765040482386,0.08423589308530031,-0.02238558540585677,-0.05175718399297174,-0.07165436522465403,-0.07298354668791703,-0.17619621550110098,0.00798452130457132,0.012355317451035247,0.7937639843108726,1.0,0.19714174610344706,0.22876940019950226,0.41817306444637364,-0.09083991689036078,0.44523140599502986,-0.1694313178241561,0.04743912500879293
avg_rog,-0.26188711367440654,0.09676706331260339,0.17487841309241697,0.11972821093088248,-0.16103694554696782,-0.3009063853823493,-0.2968767570890119,-0.28544176363926105,-0.30043868427461573,-0.30646616189778797,-0.24027293694076385,0.16550924930756972,0.13339591940703843,0.1980657432390324,0.11812303507136473,0.2419588822331486,0.0378991707329971,0.18044790879638078,0.11278664348321339,0.30394810612848533,0.06820945847987565,-0.23064918917462954,-0.3185079550192914,-0.3537839833267617,-0.2642181307546509,-0.1604266020748078,0.18744872123212963,0.19714174610344706,1.0,0.9194023154155816,0.9233636850898157,0.8973253653252605,0.7591276522821185,0.6997012393000723,0.2856712691926199
avg_last_rog,-0.2915877071372215,0.03516526638338825,0.1898528926347302,0.10381309836167976,-0.1760454080085719,-0.37898310282580233,-0.37414558752731614,-0.3562897423929495,-0.38145122581873414,-0.3789975335019176,-0.306473876634223,0.09324017757440044,0.06996902402529742,0.13768410436439404,0.039653571511301326,0.164602859726618,-0.020865971977554208,0.12089754119025682,0.056928900163349276,0.19437255021429412,0.04990339217905973,-0.15519602212054404,-0.25831972586346347,-0.3045427157302911,-0.20732306286708152,-0.1714823057340558,0.22174659440366679,0.22876940019950226,0.9194023154155816,1.0,0.9101067686767041,0.7497512642672249,0.7395866100387433,0.5552626665731116,0.2988451101234715
avg_best_rog,-0.3479169453812307,0.1482139281281303,0.32468108854882144,0.23740268520733093,-0.31786794008674346,-0.38548481295031134,-0.3812425578080881,-0.37108123009350913,-0.3794544929410542,-0.4080698934725506,-0.2743481096422164,0.15071281419264732,0.11666428615950333,0.20383440740690034,0.0838424694418434,0.2746081797090462,-0.019824772361771607,0.13232047788193801,0.09743498059487038,0.24068462295269802,0.03684397422139357,-0.21283206731685197,-0.30766875944564054,-0.34527389545060977,-0.2540763495168875,-0.14858512497211165,0.3449561263694454,0.41817306444637364,0.9233636850898157,0.9101067686767041,1.0,0.6640388179118722,0.8453242903651378,0.4881075303113546,0.29008479980211355
avg_worst_rog,-0.1210179632480708,0.020791996097300397,-0.03385334247361454,-0.038728745274207145,0.04562929580972392,-0.1416850114404861,-0.14026780112489645,-0.1290952212079488,-0.14694409197923047,-0.13117286661557992,-0.14783103932037184,0.1600915253476925,0.13653765356765343,0.1583745942821931,0.14810346927405366,0.1627590528342748,0.1015110430229554,0.2070495651955139,0.11349225713389502,0.3251899720259247,0.09478649114564514,-0.21021830693524496,-0.2762507850352967,-0.29611627743681096,-0.2364912102199888,-0.14481386810392202,-0.019036322243878738,-0.09083991689036078,0.8973253653252605,0.7497512642672249,0.6640388179118722,1.0,0.5232725984570534,0.812119416552653,0.22670332443779673
best_rog,-0.3402393183772103,0.10891831254463578,0.3674123712835294,0.29111391230258665,-0.32988783894840346,-0.39657274043995433,-0.39447413189356184,-0.39338656033199576,-0.37890318520297767,-0.4188111687370836,-0.272478037296868,0.16295790616113576,0.11964152277190906,0.21739106849963646,0.0936094334465935,0.2964205421717618,-0.023682627820601307,0.1698779034346201,0.15215794749630254,0.23359409294448263,0.08737052864907886,-0.19046873007507364,-0.2699162902300676,-0.27296757577955,-0.24889537450002822,-0.1158956736713776,0.4684888763930402,0.44523140599502986,0.7591276522821185,0.7395866100387433,0.8453242903651378,0.5232725984570534,1.0,0.23118156938885562,0.24280789296175648
worst_rog,-0.02914993627135826,0.049825865567648626,-0.10024518730740237,-0.10519206542084471,0.09729659616176521,-0.021401176617599285,-0.023380186891423276,-0.017468863548349072,-0.0249949420096649,-0.033460386701704044,-0.061246248816739755,0.11992388466107907,0.10966350079419948,0.11789674646933011,0.11084519963527903,0.09464120065760565,0.09871869978049162,0.1695840180783455,0.06949732047594753,0.28612335329562133,0.05735459449430363,-0.13779063467879993,-0.20740451429580767,-0.23544013061219854,-0.16084517748788593,-0.0999538853253973,-0.18273716584068195,-0.1694313178241561,0.6997012393000723,0.5552626665731116,0.4881075303113546,0.812119416552653,0.23118156938885562,1.0,0.18590166680933712
score,0.010189379970582606,0.08816465940542283,0.11967850687014998,0.07784582623516394,-0.07783123289427626,-0.2705888323715732,-0.2745486846173075,-0.29970652926459074,-0.2272755164385096,-0.30251989100900606,-0.18705272731827957,0.06619849984893664,0.07659766663050371,0.11576764318859764,0.007600575241729591,0.14782874465834883,-0.04122500031441189,0.009629611856226008,0.06174471772243973,0.1103652726724216,-0.05395444404645633,-0.11829845281566065,-0.1002336391054348,-0.21639942728584285,0.013986091785058571,-0.7968073392399299,0.03400490197965797,0.04743912500879293,0.2856712691926199,0.2988451101234715,0.29008479980211355,0.22670332443779673,0.24280789296175648,0.18590166680933712,1.0
