college,division,win_prob
BNG,1,0.6480455412569133
BNG,2,0.4772490271532498
BNG,3,0.59470459480724
BNG,4,0.5578622649511678
BNG,5,0.6303295936939748
BNG,6,0.5068981812125978
BNG,7,0.5043890540639246
Bruce,1,0.722162200880397
Bruce,2,0.7250927480773532
Bruce,3,0.6352697426571592
Bruce,4,0.7172289752576801
Bruce,5,0.6614402329997746
Bruce,6,0.5769601617905146
Bruce,7,0.5774711532162577
Burgmann,1,0.506907114251049
Burgmann,2,0.4893298952009603
Burgmann,3,0.5511609810224364
Burgmann,4,0.56108569257809
Burgmann,5,0.5899156058331211
Burgmann,6,0.6394636286215992
Burgmann,7,0.5801351218770614
Fenner,1,0.613757039800731
Fenner,2,0.5727243196276198
Fenner,3,0.5030488076051922
Fenner,4,0.46756390523836777
Fenner,5,0.5867975936396329
Fenner,6,0.6151997530695646
Fenner,7,0.4505742205157618
Griffin,1,0.918898843243444
Griffin,2,0.9059726032934071
Griffin,3,0.637295460636205
Griffin,4,0.6397582172188645
Griffin,5,0.6759569028144602
Griffin,6,0.6645321814429593
Griffin,7,0.5352188814830051
Johns,1,0.6046259425264912
Johns,2,0.4470912351476003
Johns,3,0.4445429723694444
Johns,4,0.41538432086505095
Johns,5,0.5177191302241918
Johns,6,0.5220305932458401
Johns,7,0.5454463611842104
Lodge,5,0.6060432286040092
Lodge,6,0.7663579166905186
Lodge,7,0.5289168962547139
Toad,5,0.6881419977845721
Toad,6,0.6507924266585968
Toad,7,0.36989485744359185
Ursula,2,0.4024347937633744
Ursula,3,0.4550129771386513
Ursula,4,0.45314468487221743
Ursula,5,0.5081909478598451
Ursula,6,0.5252187874548218
Ursula,7,0.6248775395435285
Wamburun,1,0.3838400459631024
Wamburun,2,0.5940955483377715
Wamburun,3,0.5076471035980551
Wamburun,4,0.37631094935788906
Wamburun,5,0.43261742574707335
Wamburun,6,0.423862494053295
Wamburun,7,0.411898965291793
Wright,1,0.5848338609162703
Wright,2,0.47338713114571396
Wright,3,0.2586090318548405
Wright,4,0.3625107208280554
Wright,5,0.5332366297212288
Wright,6,0.5641930654029594
Wright,7,0.46622605254120303
Yukeembruk,2,0.4626845821020389
Yukeembruk,3,0.3139029353348819
Yukeembruk,4,0.388103318392904
Yukeembruk,6,0.4497455133892817
Yukeembruk,7,0.4708059053085112
