depth,learning_rate,l2_leaf_reg,R2,RMSE
1,0.01,3,0.41942812543975605,80.36019098244066
1,0.01,10,0.4206317294305876,80.27684899481862
1,0.01,20,0.42154915114240776,80.21326516902639
1,0.03,3,0.3848804518944976,82.7166101718634
1,0.03,10,0.3948504252073233,82.04352848483431
1,0.03,20,0.39822803442163446,81.8142473763706
1,0.05,3,0.36888874737584754,83.78493278641994
1,0.05,10,0.37676793138658826,83.26027860286602
1,0.05,20,0.3839050319765027,82.78216772807438
2,0.01,3,0.4069418969095564,81.21973830762285
2,0.01,10,0.4109729583908043,80.94323926018419
2,0.01,20,0.4188430941307162,80.40066951073567
2,0.03,3,0.37505695460319977,83.3744886799854
2,0.03,10,0.39289948704733935,82.17567189125809
2,0.03,20,0.3981471969488213,81.81974234396972
2,0.05,3,0.3699341613462991,83.71551060341845
2,0.05,10,0.37680448546608414,83.25783685794892
2,0.05,20,0.3864321259969995,82.61221561429025
4,0.01,3,0.40811634401147834,81.139277761245
4,0.01,10,0.4198181258114213,80.33319538486296
4,0.01,20,0.4209869942108486,80.25223260494552
4,0.03,3,0.38189107746458395,82.91736076130088
4,0.03,10,0.39528101801909465,82.01433434705321
4,0.03,20,0.40543680864679965,81.32273446782423
4,0.05,3,0.35616172413446656,84.62552181363972
4,0.05,10,0.39410991745754487,82.09371053632506
4,0.05,20,0.4081283030103121,81.13845804826609
