college,division,year,total_yoe,max_yoe,num_new_runners,avg_div,avg_last_div,avg_highest_div,avg_lowest_div,best_runner_div,worst_runner_div,avg_score,avg_last_score,avg_best_score,avg_worst_score,best_runner_score,worst_runner_score,avg_team_score,last_team_score,best_team_score,worst_team_score,college_last_placing,college_avg_placing,college_best_placing,college_worst_placing,sum_dnf_dq,total_rogs,max_rogs,avg_rog,avg_last_rog,avg_best_rog,avg_worst_rog,best_rog,worst_rog,score
BNG,1,2022,0,0,4,,,,,,,,,,,,,,,,,,,,,0,3.0,1.0,0.060000000000000005,0.060000000000000005,0.060000000000000005,0.060000000000000005,0.28,-0.05,323.2550095419847
BNG,1,2023,1,1,3,2.0,2.0,2.0,2.0,2.0,2.0,121.57633587786265,121.57633587786265,121.57633587786265,121.57633587786265,121.57633587786265,121.57633587786265,323.2550095419847,323.2550095419847,323.2550095419847,323.2550095419847,1.0,1.0,1.0,1.0,0,4.0,1.0,0.7991222391915522,0.7991222391915522,0.7991222391915522,0.7991222391915522,0.9714175885038993,0.5579087501542666,320.32601307189543
BNG,1,2024,2,1,2,3.0,3.0,3.0,3.0,1.0,5.0,332.9470065359477,332.9470065359477,332.9470065359477,332.9470065359477,345.56800000000004,320.32601307189543,321.79051130694006,320.32601307189543,323.2550095419847,320.32601307189543,1.0,1.0,1.0,1.0,0,7.0,3.0,0.6070896729858967,0.6739014099303077,1.1040256894367786,0.19442698041299933,1.5299499741101492,-0.7324640883651461,332.4012944983819
BNG,1,2025,4,2,2,2.75,2.0,2.0,3.5,1.0,6.0,230.6986429021273,166.20064724919095,301.23427926830686,160.16300653594772,332.4012944983819,0.0,325.3274390374207,332.4012944983819,332.4012944983819,320.32601307189543,2.0,1.3333333333333333,1.0,2.0,0,5.0,3.0,0.5174897758567432,0.9831146084046958,0.9831146084046958,0.027500215129133365,1.6065032894097522,-0.6407445993458774,319.72098954348377
BNG,2,2022,0,0,4,,,,,,,,,,,,,,,,,,,,,0,3.0,1.0,0.36333333333333334,0.36333333333333334,0.36333333333333334,0.36333333333333334,0.62,-0.05,121.57633587786265
BNG,2,2023,2,1,2,5.0,5.0,5.0,5.0,5.0,5.0,345.56800000000004,345.56800000000004,345.56800000000004,345.56800000000004,345.56800000000004,345.56800000000004,121.57633587786265,121.57633587786265,121.57633587786265,121.57633587786265,1.0,1.0,1.0,1.0,0,4.0,2.0,0.6154162073158004,0.9024994487789605,0.9024994487789605,0.3283329658526403,0.9024994487789605,-0.82,334.881300813008
BNG,2,2024,3,2,2,3.25,3.0,3.0,3.5,3.0,4.0,83.07298611111112,0.0,166.14597222222224,0.0,332.2919444444445,0.0,228.22881834543534,334.881300813008,334.881300813008,121.57633587786265,1.0,1.0,1.0,1.0,0,5.0,3.0,0.9224191245113241,0.34778767119513,1.3613894393853565,0.34778767119513,1.5299499741101492,-1.7108053045706793,226.02146089204916
BNG,2,2025,3,2,2,2.0,2.5,1.5,2.5,1.0,4.0,281.6601209640013,229.67894427230755,333.641297655695,229.67894427230755,334.881300813008,126.95659404623322,227.49303252763994,226.02146089204916,334.881300813008,121.57633587786265,2.0,1.3333333333333333,1.0,2.0,0,4.0,3.0,1.4168903698706243,1.382083364247932,1.6140863762695852,1.2545013690943563,1.621669463129418,0.9024994487789605,243.6682489451477
BNG,3,2022,0,0,4,,,,,,,,,,,,,,,,,,,,,0,3.0,1.0,0.68,0.68,0.68,0.68,1.33,-0.05,356.32866666666666
BNG,3,2023,2,1,2,5.5,5.5,5.5,5.5,4.0,7.0,293.3745682601206,293.3745682601206,293.3745682601206,293.3745682601206,332.2919444444445,254.45719207579674,356.32866666666666,356.32866666666666,356.32866666666666,356.32866666666666,1.0,1.0,1.0,1.0,4,3.0,2.0,0.6475543530282917,0.4200724707043889,0.8750362353521945,0.4200724707043889,1.33,0.4200724707043889,0.0
BNG,3,2024,4,2,1,5.666666666666667,5.0,5.0,6.333333333333333,3.0,7.0,222.45437470478728,180.0448426921545,264.8639067174201,180.0448426921545,270.06726403823177,0.0,178.16433333333333,0.0,356.32866666666666,0.0,1.0,1.0,1.0,1.0,4,5.0,2.0,0.4517982119664232,0.5210355948981932,0.7830931598429962,0.12050326408985018,1.621669463129418,-0.090427665230265,0.0
BNG,3,2025,1,1,3,2.0,2.0,2.0,2.0,2.0,2.0,226.02146089204916,226.02146089204916,226.02146089204916,226.02146089204916,226.02146089204916,226.02146089204916,118.77622222222222,0.0,356.32866666666666,0.0,2.0,1.3333333333333333,1.0,2.0,0,3.0,2.0,1.3130739409426266,1.0579212501253026,1.5682266317599507,1.0579212501253026,1.6065032894097522,0.5093392108408529,189.6150000000001
BNG,4,2022,0,0,4,,,,,,,,,,,,,,,,,,,,,0,4.0,1.0,0.4125000000000001,0.4125000000000001,0.4125000000000001,0.4125000000000001,1.33,-0.82,332.2919444444445
BNG,4,2023,2,1,2,5.5,5.5,5.5,5.5,4.0,7.0,293.3745682601206,293.3745682601206,293.3745682601206,293.3745682601206,332.2919444444445,254.45719207579674,332.2919444444445,332.2919444444445,332.2919444444445,332.2919444444445,1.0,1.0,1.0,1.0,0,5.0,2.0,0.32824521334449064,0.603854176637559,0.603854176637559,0.052636250051422216,0.6957450296041441,-0.82,166.30462962962966
BNG,4,2024,5,2,1,3.6666666666666665,3.3333333333333335,3.3333333333333335,4.0,2.0,6.0,281.5285332978524,301.00399129664373,306.2971731148255,256.7598934808792,334.881300813008,166.30462962962966,249.29828703703708,166.30462962962966,332.2919444444445,166.30462962962966,1.0,1.0,1.0,1.0,0,8.0,3.0,0.9745796354487679,1.1066760454580082,1.1635685092491967,0.778485662214518,1.621669463129418,0.12358447581469537,126.95659404623322
BNG,4,2025,2,1,2,6.0,6.0,6.0,6.0,5.0,7.0,240.8313085197111,240.8313085197111,240.8313085197111,240.8313085197111,287.6925675675676,193.97004947185457,208.51772270676915,126.95659404623322,332.2919444444445,126.95659404623322,2.0,1.3333333333333333,1.0,2.0,0,2.0,2.0,0.9158910535439219,0.21011264395842577,1.621669463129418,0.21011264395842577,1.621669463129418,0.21011264395842577,345.1624300373135
BNG,5,2022,0,0,4,,,,,,,,,,,,,,,,,,,,,0,3.0,1.0,0.18666666666666668,0.18666666666666668,0.18666666666666668,0.18666666666666668,0.76,-0.82,345.56800000000004
BNG,5,2023,2,1,2,6.0,6.0,6.0,6.0,6.0,6.0,284.9732954545455,284.9732954545455,284.9732954545455,284.9732954545455,284.9732954545455,284.9732954545455,345.56800000000004,345.56800000000004,345.56800000000004,345.56800000000004,1.0,1.0,1.0,1.0,0,5.0,2.0,-0.5450785099297545,-0.45289063247816913,-0.45289063247816913,-0.6372663873813399,0.35115433097945015,-1.3717991621440198,269.09375
BNG,5,2024,2,1,2,7.0,7.0,7.0,7.0,7.0,7.0,304.5029562982005,304.5029562982005,304.5029562982005,304.5029562982005,304.5029562982005,304.5029562982005,307.330875,269.09375,345.56800000000004,269.09375,1.0,1.0,1.0,1.0,0,4.0,2.0,-0.010840746034163184,-0.13219658156825873,0.11051508949993238,-0.13219658156825873,0.76,-0.33802706626993784,193.97004947185457
BNG,5,2025,1,1,3,5.0,5.0,5.0,5.0,5.0,5.0,193.97004947185457,193.97004947185457,193.97004947185457,193.97004947185457,193.97004947185457,193.97004947185457,269.54393315728487,193.97004947185457,345.56800000000004,193.97004947185457,2.0,1.3333333333333333,1.0,2.0,0,3.0,2.0,0.895511757487422,1.2574056280469206,1.2574056280469206,0.5336178869279233,1.3571478170077296,-0.090427665230265,316.20497005452756
BNG,6,2022,0,0,4,,,,,,,,,,,,,,,,,,,,,0,3.0,1.0,-0.4533333333333333,-0.4533333333333333,-0.4533333333333333,-0.4533333333333333,0.28,-0.82,284.9732954545455
BNG,6,2023,1,1,3,3.0,3.0,3.0,3.0,3.0,3.0,158.87177777777774,158.87177777777774,158.87177777777774,158.87177777777774,158.87177777777774,158.87177777777774,284.9732954545455,284.9732954545455,284.9732954545455,284.9732954545455,1.0,1.0,1.0,1.0,0,4.0,2.0,0.5419512452202425,0.5349360369126203,0.5489664535278648,0.5349360369126203,0.6957450296041441,0.35115433097945015,270.06726403823177
BNG,6,2024,3,2,2,5.25,4.5,4.5,6.0,4.0,7.0,180.3994398013566,158.36129918981482,202.43758041289837,158.36129918981482,254.45719207579674,150.41796875,277.5202797463886,270.06726403823177,284.9732954545455,270.06726403823177,1.0,1.0,1.0,1.0,0,6.0,3.0,-0.5099457377545157,-0.7732283057070433,-0.24895989142211697,-0.7732283057070433,0.6957450296041441,-1.7108053045706793,218.98433179723503
BNG,6,2025,0,0,4,,,,,,,,,,,,,258.0082970966708,218.98433179723503,284.9732954545455,218.98433179723503,2.0,1.3333333333333333,1.0,2.0,4,3.0,1.0,1.224158231726651,1.224158231726651,1.224158231726651,1.224158231726651,1.3571478170077296,1.1576634390861116,0.0
BNG,7,2022,0,0,4,,,,,,,,,,,,,,,,,,,,,0,1.0,1.0,0.42,0.42,0.42,0.42,0.42,0.42,254.45719207579674
BNG,7,2023,1,1,3,7.0,7.0,7.0,7.0,7.0,7.0,254.45719207579674,254.45719207579674,254.45719207579674,254.45719207579674,254.45719207579674,254.45719207579674,254.45719207579674,254.45719207579674,254.45719207579674,254.45719207579674,1.0,1.0,1.0,1.0,0,2.0,1.0,-0.8549131142069788,-0.8549131142069788,-0.8549131142069788,-0.8549131142069788,-0.33802706626993784,-1.3717991621440198,304.5029562982005
BNG,7,2024,1,1,3,5.0,5.0,5.0,5.0,5.0,5.0,269.09375,269.09375,269.09375,269.09375,269.09375,269.09375,279.48007418699865,304.5029562982005,304.5029562982005,254.45719207579674,1.0,1.0,1.0,1.0,0,4.0,2.0,-0.03902216866022553,0.08282025847279817,0.08282025847279817,-0.1608645957932493,1.621669463129418,-1.3717991621440198,287.6925675675676
BNG,7,2025,2,2,3,4.5,3.0,3.0,6.0,3.0,6.0,135.03363201911588,0.0,270.06726403823177,0.0,270.06726403823177,0.0,282.2175719805216,287.6925675675676,304.5029562982005,254.45719207579674,2.0,1.3333333333333333,1.0,2.0,0,4.0,3.0,0.39888645588921134,0.6838880415222687,0.6838880415222687,0.05984248936408038,1.1576634390861116,-0.090427665230265,272.2020202020202
Bruce,1,2022,0,0,4,,,,,,,,,,,,,,,,,,,,,0,3.0,1.0,0.15333333333333335,0.15333333333333335,0.15333333333333335,0.15333333333333335,0.23,0.04,248.942032442748
Bruce,1,2023,2,1,2,1.0,1.0,1.0,1.0,1.0,1.0,248.942032442748,248.942032442748,248.942032442748,248.942032442748,248.942032442748,248.942032442748,248.942032442748,248.942032442748,248.942032442748,248.942032442748,2.0,2.0,2.0,2.0,0,5.0,2.0,0.35324521334449055,0.8565540222956679,0.8565540222956679,-0.15006359560668672,2.07410782410292,-0.29,119.1960784313725
Bruce,1,2024,3,1,1,2.0,2.0,2.0,2.0,1.0,3.0,262.5281535845524,262.5281535845524,262.5281535845524,262.5281535845524,362.53154471544707,119.1960784313725,184.06905543706026,119.1960784313725,248.942032442748,119.1960784313725,2.0,2.0,2.0,2.0,0,6.0,2.0,1.7662619207145394,2.2005065322105057,2.4482200173623374,1.084303824066741,3.0586081244312946,-0.29,299.0744336569579
Bruce,1,2025,4,2,1,3.0,2.6666666666666665,2.6666666666666665,3.3333333333333335,1.0,4.0,181.16635440182947,180.0359537435162,182.29675506014277,180.0359537435162,305.85683760683764,0.0,222.4041815103595,299.0744336569579,299.0744336569579,119.1960784313725,1.0,1.6666666666666667,1.0,2.0,0,4.0,2.0,1.3307327060096805,1.2068759634337647,1.4545894485855964,1.2068759634337647,2.211944103552798,0.9581790611644935,166.7061973986228
Bruce,2,2022,0,0,4,,,,,,,,,,,,,,,,,,,,,0,5.0,2.0,0.04625000000000001,0.09749999999999999,0.09749999999999999,-0.0049999999999999906,0.6,-0.29,344.82633587786256
Bruce,2,2023,1,1,3,5.0,5.0,5.0,5.0,5.0,5.0,349.936,349.936,349.936,349.936,349.936,349.936,344.82633587786256,344.82633587786256,344.82633587786256,344.82633587786256,2.0,2.0,2.0,2.0,0,3.0,1.0,1.6605989857532872,1.6605989857532872,1.6605989857532872,1.6605989857532872,2.211944103552798,0.6957450296041441,362.53154471544707
Bruce,2,2024,4,2,1,2.6666666666666665,2.6666666666666665,2.6666666666666665,2.6666666666666665,1.0,5.0,298.8455333841691,277.2212077156065,320.4698590527317,277.2212077156065,362.53154471544707,119.1960784313725,353.6789402966548,362.53154471544707,362.53154471544707,344.82633587786256,2.0,2.0,2.0,2.0,0,10.0,4.0,0.8970817861966536,1.0993627781040072,1.502274802105964,0.3717874918270527,2.0191205822129157,-0.9159030664036836,348.91932773109244
Bruce,2,2025,2,2,3,3.5,3.0,3.0,4.0,3.0,4.0,81.84060846560848,0.0,163.68121693121697,0.0,163.68121693121697,0.0,352.09240277480075,348.91932773109244,362.53154471544707,344.82633587786256,1.0,1.6666666666666667,1.0,2.0,4,6.0,4.0,-0.10358933531529879,0.06049936051721224,0.06049936051721224,-0.25966709298852514,0.06049936051721224,-0.9,0.0
Bruce,3,2022,0,0,4,,,,,,,,,,,,,,,,,,,,,0,2.0,1.0,1.085,1.085,1.085,1.085,1.57,0.6,158.87177777777774
Bruce,3,2023,1,1,3,1.0,1.0,1.0,1.0,1.0,1.0,248.942032442748,248.942032442748,248.942032442748,248.942032442748,248.942032442748,248.942032442748,158.87177777777774,158.87177777777774,158.87177777777774,158.87177777777774,2.0,2.0,2.0,2.0,0,3.0,1.0,0.6094148261277016,0.6094148261277016,0.6094148261277016,0.6094148261277016,2.211944103552798,-0.613699625169693,305.85683760683764
Bruce,3,2024,1,1,3,4.0,4.0,4.0,4.0,4.0,4.0,163.68121693121697,163.68121693121697,163.68121693121697,163.68121693121697,163.68121693121697,163.68121693121697,232.3643076923077,305.85683760683764,305.85683760683764,158.87177777777774,2.0,2.0,2.0,2.0,4,5.0,3.0,0.6243009242068487,0.7316305173881918,0.7316305173881918,0.5229193984777926,1.2751130143938807,-0.9,0.0
Bruce,3,2025,1,1,3,1.0,1.0,1.0,1.0,1.0,1.0,299.0744336569579,299.0744336569579,299.0744336569579,299.0744336569579,299.0744336569579,299.0744336569579,154.90953846153846,0.0,305.85683760683764,0.0,1.0,1.6666666666666667,1.0,2.0,0,2.0,1.0,-0.08911392292400128,-0.08911392292400128,-0.08911392292400128,-0.08911392292400128,0.9581790611644935,-1.136406907012496,324.24375
Bruce,4,2022,0,0,4,,,,,,,,,,,,,,,,,,,,,0,3.0,1.0,0.5033333333333333,0.5033333333333333,0.5033333333333333,0.5033333333333333,1.57,-0.29,315.34138888888884
Bruce,4,2023,1,1,3,3.0,3.0,3.0,3.0,3.0,3.0,158.87177777777774,158.87177777777774,158.87177777777774,158.87177777777774,158.87177777777774,158.87177777777774,315.34138888888884,315.34138888888884,315.34138888888884,315.34138888888884,2.0,2.0,2.0,2.0,0,6.0,2.0,0.9217028430871236,1.1264834028850117,1.1264834028850117,0.7169222832892355,2.211944103552798,-0.9,163.68121693121697
Bruce,4,2024,2,2,3,5.0,5.0,5.0,5.0,5.0,5.0,233.74495312499997,117.55390624999995,349.936,117.55390624999995,349.936,117.55390624999995,239.5113029100529,163.68121693121697,315.34138888888884,163.68121693121697,2.0,2.0,2.0,2.0,0,5.0,3.0,0.8412753776488752,1.091734637684754,1.1100637183147555,0.3220277769471156,2.07410782410292,-0.29,241.03342757359061
Bruce,4,2025,1,1,3,6.0,6.0,6.0,6.0,6.0,6.0,179.72534562211982,179.72534562211982,179.72534562211982,179.72534562211982,179.72534562211982,179.72534562211982,240.01867779789882,241.03342757359061,315.34138888888884,163.68121693121697,1.0,1.6666666666666667,1.0,2.0,4,2.0,2.0,-0.7051367751406492,-1.136406907012496,-0.27386664326880245,-1.136406907012496,-0.27386664326880245,-1.136406907012496,0.0
Bruce,5,2022,0,0,4,,,,,,,,,,,,,,,,,,,,,0,3.0,1.0,0.09333333333333334,0.09333333333333334,0.09333333333333334,0.09333333333333334,0.86,-0.29,349.936
Bruce,5,2023,2,1,2,4.5,4.5,4.5,4.5,4.0,5.0,332.6386944444444,332.6386944444444,332.6386944444444,332.6386944444444,349.936,315.34138888888884,349.936,349.936,349.936,349.936,2.0,2.0,2.0,2.0,0,5.0,2.0,0.3045073836653953,0.6497996031208515,0.747251105577579,-0.1382363382467884,2.07410782410292,-0.29,117.55390624999995
Bruce,5,2024,3,2,2,3.25,2.5,2.5,4.0,2.0,5.0,331.0453049822806,334.1941911611424,334.1941911611424,327.8964188034188,362.53154471544707,305.85683760683764,233.74495312499997,117.55390624999995,349.936,117.55390624999995,2.0,2.0,2.0,2.0,0,5.0,2.0,1.089437996935567,1.4688036480973035,1.4688036480973035,0.7100723457738304,1.4688036480973035,-0.613699625169693,302.98783259794095
Bruce,5,2025,2,1,2,3.5,3.5,3.5,3.5,3.0,4.0,161.27649735449734,161.27649735449734,161.27649735449734,161.27649735449734,163.68121693121697,158.87177777777774,256.8259129493136,302.98783259794095,349.936,117.55390624999995,1.0,1.6666666666666667,1.0,2.0,0,4.0,2.0,1.013529808956188,0.8120596179123757,1.8909720517763988,0.13608756613597678,2.211944103552798,-0.5878248677280464,367.9873066952713
Bruce,6,2022,0,0,4,,,,,,,,,,,,,,,,,,,,,0,2.0,1.0,0.64,0.64,0.64,0.64,1.57,-0.29,296.4005681818182
Bruce,6,2023,2,1,2,5.0,5.0,5.0,5.0,4.0,6.0,305.8709785353535,305.8709785353535,305.8709785353535,305.8709785353535,315.34138888888884,296.4005681818182,296.4005681818182,296.4005681818182,296.4005681818182,296.4005681818182,2.0,2.0,2.0,2.0,0,5.0,2.0,-0.1848832855608432,-0.25309990445501973,-0.04078483579006087,-0.3289817353316255,0.23,-0.4069452059948766,282.8512544802867
Bruce,6,2024,0,0,4,,,,,,,,,,,,,289.6259113310524,282.8512544802867,296.4005681818182,282.8512544802867,2.0,2.0,2.0,2.0,0,3.0,1.0,0.8920237539719665,0.8920237539719665,0.8920237539719665,0.8920237539719665,1.4811342570873987,-0.27386664326880245,179.72534562211982
Bruce,6,2025,2,2,3,3.5,2.0,2.0,5.0,2.0,5.0,349.4276638655462,348.91932773109244,349.936,348.91932773109244,349.936,348.91932773109244,252.99238942807492,179.72534562211982,296.4005681818182,179.72534562211982,1.0,1.6666666666666667,1.0,2.0,0,4.0,4.0,1.0717343141494677,0.9581790611644935,1.2751130143938807,0.86,1.2751130143938807,0.86,318.06632021776795
Bruce,7,2022,0,0,4,,,,,,,,,,,,,,,,,,,,,0,3.0,1.0,-0.6966666666666667,-0.6966666666666667,-0.6966666666666667,-0.6966666666666667,-0.29,-0.9,259.2742463393626
Bruce,7,2023,2,1,2,6.0,6.0,6.0,6.0,6.0,6.0,296.4005681818182,296.4005681818182,296.4005681818182,296.4005681818182,296.4005681818182,296.4005681818182,259.2742463393626,259.2742463393626,259.2742463393626,259.2742463393626,2.0,2.0,2.0,2.0,0,4.0,2.0,-0.49083154791647204,-0.4758633457198154,-0.4758633457198154,-0.5057997501131287,-0.20019078682006025,-0.613699625169693,223.92365038560416
Bruce,7,2024,2,1,2,5.5,5.5,5.5,5.5,4.0,7.0,193.80243365841056,193.80243365841056,193.80243365841056,193.80243365841056,223.92365038560416,163.68121693121697,241.59894836248338,223.92365038560416,259.2742463393626,223.92365038560416,2.0,2.0,2.0,2.0,0,5.0,2.0,0.5152974163681437,0.5998146382395866,0.5998146382395866,0.43078019449670096,2.211944103552798,-0.613699625169693,109.8699324324324
Bruce,7,2025,2,2,3,5.5,7.0,4.0,7.0,4.0,7.0,136.77557468182468,109.8699324324324,163.68121693121697,109.8699324324324,163.68121693121697,109.8699324324324,197.68927638579973,109.8699324324324,259.2742463393626,109.8699324324324,1.0,1.6666666666666667,1.0,2.0,0,3.0,2.0,-0.16217364455006017,-0.8621158873702712,0.5377685982701509,-0.8621158873702712,2.211944103552798,-1.136406907012496,158.48686868686872
Burgmann,1,2023,1,1,3,5.0,5.0,5.0,5.0,5.0,5.0,148.28000000000003,148.28000000000003,148.28000000000003,148.28000000000003,148.28000000000003,148.28000000000003,,,,,8.0,8.0,8.0,8.0,4,4.0,2.0,-2.513333333333333,-3.0,-2.026666666666667,-3.0,-0.08,-3.0,0.0
Burgmann,1,2024,4,1,0,2.75,2.75,2.75,2.75,1.0,6.0,0.0,0.0,0.0,0.0,0.0,0.0,0.0,0.0,0.0,0.0,11.0,9.5,8.0,11.0,0,8.0,3.0,-0.004054037970950913,0.9727019160140984,0.9727019160140984,-1.047406490431777,1.851972493935731,-3.0,121.03883495145638
Burgmann,1,2025,3,1,1,3.3333333333333335,3.3333333333333335,3.3333333333333335,3.3333333333333335,2.0,6.0,189.7968541262659,189.7968541262659,189.7968541262659,189.7968541262659,284.6952811893989,0.0,60.51941747572819,121.03883495145638,121.03883495145638,0.0,4.0,7.666666666666667,4.0,11.0,0,4.0,2.0,-0.45608759314927066,-0.46283904510684115,-0.4493361411917001,-0.46283904510684115,1.0278875231616593,-2.336653118293163,166.7061973986228
Burgmann,2,2023,2,1,2,5.0,5.0,5.0,5.0,5.0,5.0,148.28000000000003,148.28000000000003,148.28000000000003,148.28000000000003,148.28000000000003,148.28000000000003,,,,,8.0,8.0,8.0,8.0,4,3.0,2.0,-1.5247905208128967,-1.2595810416257933,-1.2595810416257933,-1.79,0.4808379167484136,-3.0,0.0
Burgmann,2,2024,2,1,2,3.0,3.0,3.0,3.0,2.0,4.0,0.0,0.0,0.0,0.0,0.0,0.0,0.0,0.0,0.0,0.0,11.0,9.5,8.0,11.0,0,4.0,2.0,0.08791882569597025,0.7592334128895802,0.7592334128895802,-0.5833957614976396,1.0278875231616593,-3.0,284.6952811893989
Burgmann,2,2025,3,2,2,3.0,2.5,2.5,3.5,1.0,4.0,118.63572736417376,148.89543610203788,148.89543610203788,88.37601862630967,176.75203725261935,0.0,142.34764059469944,284.6952811893989,284.6952811893989,0.0,4.0,7.666666666666667,4.0,11.0,0,9.0,5.0,0.6826341537465929,0.8272633284838736,1.309681733773894,0.08007688795110576,1.851972493935731,-0.9690733399083408,310.1890822784811
Burgmann,3,2023,1,1,3,5.0,5.0,5.0,5.0,5.0,5.0,148.28000000000003,148.28000000000003,148.28000000000003,148.28000000000003,148.28000000000003,148.28000000000003,,,,,8.0,8.0,8.0,8.0,4,3.0,1.0,-0.35607847438664236,-0.35607847438664236,-0.35607847438664236,-0.35607847438664236,0.4808379167484136,-0.9690733399083408,0.0
Burgmann,3,2025,2,2,3,4.5,6.0,3.0,6.0,3.0,6.0,95.83686635944704,191.6737327188941,191.6737327188941,0.0,191.6737327188941,0.0,0.0,0.0,0.0,0.0,4.0,7.666666666666667,4.0,11.0,0,1.0,1.0,-0.03924282844359679,-0.03924282844359679,-0.03924282844359679,-0.03924282844359679,-0.03924282844359679,-0.03924282844359679,306.7918750000001
Burgmann,4,2023,0,0,4,,,,,,,,,,,,,,,,,8.0,8.0,8.0,8.0,4,5.0,2.0,-0.2805593598339641,-0.4641935273225066,-0.09692519234542146,-0.4641935273225066,0.5,-0.9690733399083408,0.0
Burgmann,4,2024,2,1,2,4.0,4.0,4.0,4.0,4.0,4.0,0.0,0.0,0.0,0.0,0.0,0.0,0.0,0.0,0.0,0.0,11.0,9.5,8.0,11.0,0,7.0,3.0,0.38563922115623245,0.7997991660409927,0.7997991660409927,-0.1069528751240846,1.851972493935731,-0.9690733399083408,176.75203725261935
Burgmann,4,2025,2,1,2,6.0,6.0,6.0,6.0,5.0,7.0,94.69932432432431,94.69932432432431,94.69932432432431,94.69932432432431,189.39864864864862,0.0,88.37601862630967,176.75203725261935,176.75203725261935,0.0,4.0,7.666666666666667,4.0,11.0,0,6.0,3.0,-0.44140831027559896,-0.7938208695486194,-0.10291613243595261,-0.7938208695486194,0.7188556591213825,-1.094122466704478,191.9217583955225
Burgmann,5,2022,0,0,4,,,,,,,,,,,,,,,,,,,,,0,3.0,1.0,-0.4133333333333333,-0.4133333333333333,-0.4133333333333333,-0.4133333333333333,-0.08,-0.58,148.28000000000003
Burgmann,5,2023,0,0,4,,,,,,,,,,,,,148.28000000000003,148.28000000000003,148.28000000000003,148.28000000000003,8.0,8.0,8.0,8.0,4,2.0,1.0,0.17014264746482338,0.17014264746482338,0.17014264746482338,0.17014264746482338,0.4808379167484136,-0.14055262181876685,0.0
Burgmann,5,2024,0,0,4,,,,,,,,,,,,,74.14000000000001,0.0,148.28000000000003,0.0,11.0,9.5,8.0,11.0,0,3.0,2.0,0.029115190974139463,0.4613291057544851,0.4613291057544851,-0.40309872380620615,0.7188556591213825,-1.01,214.77496991576407
Burgmann,5,2025,3,2,2,4.0,4.0,4.0,4.0,4.0,4.0,132.5640279394645,176.75203725261935,176.75203725261935,88.37601862630967,176.75203725261935,0.0,121.0183233052547,214.77496991576407,214.77496991576407,0.0,4.0,7.666666666666667,4.0,11.0,0,4.0,2.0,0.3567012534795017,0.45573677961180076,0.45573677961180076,0.25766572734720267,0.45988926888534737,-0.14055262181876685,284.84383659604896
Burgmann,6,2022,0,0,4,,,,,,,,,,,,,,,,,,,,,0,2.0,1.0,-1.0350000000000001,-1.0350000000000001,-1.0350000000000001,-1.0350000000000001,-1.01,-1.06,117.84943181818186
Burgmann,6,2023,1,1,3,7.0,7.0,7.0,7.0,7.0,7.0,261.4151593453919,261.4151593453919,261.4151593453919,261.4151593453919,261.4151593453919,261.4151593453919,117.84943181818186,117.84943181818186,117.84943181818186,117.84943181818186,8.0,8.0,8.0,8.0,4,3.0,1.0,-1.1624019133706434,-1.1624019133706434,-1.1624019133706434,-1.1624019133706434,-0.14055262181876685,-2.336653118293163,0.0
Burgmann,6,2024,1,1,3,3.0,3.0,3.0,3.0,3.0,3.0,0.0,0.0,0.0,0.0,0.0,0.0,58.92471590909093,0.0,117.84943181818186,0.0,11.0,9.5,8.0,11.0,0,3.0,1.0,0.4608491601314391,0.4608491601314391,0.4608491601314391,0.4608491601314391,0.7188556591213825,0.20380255238758768,191.6737327188941
Burgmann,6,2025,2,2,3,3.5,1.0,1.0,6.0,1.0,6.0,60.51941747572819,121.03883495145638,121.03883495145638,0.0,121.03883495145638,0.0,103.17438817902531,191.6737327188941,191.6737327188941,0.0,4.0,7.666666666666667,4.0,11.0,0,4.0,1.0,-0.4687842550631739,-0.4687842550631739,-0.4687842550631739,-0.4687842550631739,0.45366053497502745,-1.094122466704478,343.00272209849044
Burgmann,7,2022,0,0,4,,,,,,,,,,,,,,,,,,,,,0,1.0,1.0,-1.01,-1.01,-1.01,-1.01,-1.01,-1.01,261.4151593453919
Burgmann,7,2023,2,1,2,6.5,6.5,6.5,6.5,6.0,7.0,189.63229558178688,189.63229558178688,189.63229558178688,189.63229558178688,261.4151593453919,117.84943181818186,261.4151593453919,261.4151593453919,261.4151593453919,261.4151593453919,8.0,8.0,8.0,8.0,0,4.0,2.0,-0.5389846628733089,-0.7517601825888359,-0.32620914315778177,-0.7517601825888359,0.22192519234542177,-2.336653118293163,198.3935732647815
Burgmann,7,2024,2,1,2,7.0,7.0,7.0,7.0,7.0,7.0,198.3935732647815,198.3935732647815,198.3935732647815,198.3935732647815,198.3935732647815,198.3935732647815,229.90436630508668,198.3935732647815,261.4151593453919,198.3935732647815,11.0,9.5,8.0,11.0,0,5.0,2.0,0.29568561682916483,0.3754869212988526,0.38152780128479735,0.2098434323735324,0.7188556591213825,0.20380255238758768,189.39864864864862
Burgmann,7,2025,2,1,2,5.5,5.5,5.5,5.5,5.0,6.0,203.22435131732908,203.22435131732908,203.22435131732908,203.22435131732908,214.77496991576407,191.6737327188941,216.40246041960734,189.39864864864862,261.4151593453919,189.39864864864862,4.0,7.666666666666667,4.0,11.0,0,1.0,1.0,0.20380255238758768,0.20380255238758768,0.20380255238758768,0.20380255238758768,0.20380255238758768,0.20380255238758768,300.3040404040404
Div X,2,2023,0,0,2,,,,,,,,,,,,,,,,,,,,,0,4.0,2.0,0.9168738579993637,1.8271840836439712,1.8271840836439712,0.0065636323547561505,1.8271840836439712,0.0065636323547561505,261.1473170731706
Div X,2,2024,0,0,2,,,,,,,,,,,,,,,,261.1473170731706,,,,,0,3.0,2.0,2.0412183377144144,2.1816064822453596,2.1816064822453596,1.9008301931834688,2.1816064822453596,1.6200539041215778,272.0090497737557
Div X,2,2025,2,1,2,2.0,2.0,2.0,2.0,2.0,2.0,272.0090497737557,272.0090497737557,272.0090497737557,272.0090497737557,272.0090497737557,272.0090497737557,,,,261.1473170731706,,,,,0,6.0,3.0,1.6856137922325178,1.7817237091578517,1.7817237091578517,1.5367420546967392,2.2683026748751374,0.80856577772328,369.97362869198315
Div X,4,2022,0,0,2,,,,,,,,,,,,,,,,,,,,,0,0.0,,,,,,,,229.28472222222223
Div X,4,2023,1,1,1,1.0,1.0,1.0,1.0,1.0,1.0,361.18559160305335,361.18559160305335,361.18559160305335,361.18559160305335,361.18559160305335,361.18559160305335,,,,229.28472222222223,,,,,0,2.0,1.0,1.361141179718586,1.361141179718586,1.361141179718586,1.361141179718586,1.361141179718586,1.361141179718586,459.25238095238086
Div X,5,2023,2,1,2,4.0,4.0,4.0,4.0,4.0,4.0,0.0,0.0,0.0,0.0,0.0,0.0,,,,,,,,,0,3.0,1.0,0.8433157309126021,0.8433157309126021,0.8433157309126021,0.8433157309126021,0.8433157309126021,0.8433157309126021,205.19140624999997
Div X,5,2024,1,1,3,3.0,3.0,3.0,3.0,3.0,3.0,372.55800000000005,372.55800000000005,372.55800000000005,372.55800000000005,372.55800000000005,372.55800000000005,,,,205.19140624999997,,,,,0,2.0,2.0,0.5938971546474123,0.551608757904616,0.6361855513902087,0.551608757904616,0.6361855513902087,0.551608757904616,376.2211525605027
Div X,5,2025,3,2,0,4.5,4.0,4.0,5.0,2.0,6.0,167.01068665679676,238.18450695414649,238.18450695414649,95.83686635944704,284.6952811893989,0.0,,,,205.19140624999997,,,,,0,2.0,1.0,0.3409072306153846,0.3409072306153846,0.3409072306153846,0.3409072306153846,0.45988926888534737,0.22192519234542177,354.85939036381524
Div X,6,2023,0,0,4,,,,,,,,,,,,,,,,,,,,,0,3.0,1.0,0.14439991180463374,0.14439991180463374,0.14439991180463374,0.14439991180463374,0.14439991180463374,0.14439991180463374,214.36559139784953
Div X,6,2025,2,2,2,3.5,3.0,3.0,4.0,3.0,4.0,123.55537240537247,113.16153846153858,133.94920634920635,113.16153846153858,133.94920634920635,113.16153846153858,,,,214.36559139784953,,,,,0,4.0,2.0,-0.36004553351569213,-0.3883404898064284,-0.28798914926826236,-0.4321019177631219,-0.18763780873009633,-0.4758633457198154,294.68844345459047
Div X,2,2024,3,2,2,5.75,5.5,5.5,6.0,5.0,7.0,234.5197233281845,201.55028305144867,267.48916360492035,201.55028305144867,277.309765625,125.79080047789733,,,,,,,,,4,6.0,3.0,0.26676389562947866,0.6158450377746235,0.6158450377746235,-0.048475869773499304,0.6158450377746235,-0.63,0.0
Div X,2,2025,1,1,3,5.0,5.0,5.0,5.0,5.0,5.0,0.0,0.0,0.0,0.0,0.0,0.0,,,,0.0,,,,,0,2.0,1.0,0.08005774146618132,0.08005774146618132,0.08005774146618132,0.08005774146618132,0.08005774146618132,0.08005774146618132,262.19303797468365
Div X,4,2023,2,1,2,4.5,4.5,4.5,4.5,4.0,5.0,229.70275000000004,229.70275000000004,229.70275000000004,229.70275000000004,314.0375,145.36800000000005,,,,,,,,,4,4.0,2.0,-0.4632620096009217,-0.2332382350234511,-0.2332382350234511,-0.6932857841783923,0.17014264746482338,-1.21,0.0
Div X,5,2023,0,0,4,,,,,,,,,,,,,,,,,,,,,0,5.0,2.0,-0.1294265982771833,0.11836010258422501,0.11836010258422501,-0.37721329913859164,0.11836010258422501,-0.96,178.71757812500005
Div X,5,2024,2,2,3,6.0,5.0,5.0,7.0,5.0,7.0,210.32097262596898,192.4109375,228.231007751938,192.4109375,228.231007751938,192.4109375,,,,178.71757812500005,,,,,0,4.0,2.0,-0.031831206343676914,0.20380255238758768,0.20380255238758768,-0.2674649650749415,0.20380255238758768,-1.21,228.9223158176227
Div X,5,2025,0,0,4,,,,,,,,,,,,,,,,178.71757812500005,,,,,0,1.0,1.0,-1.136406907012496,-1.136406907012496,-1.136406907012496,-1.136406907012496,-1.136406907012496,-1.136406907012496,310.3703405738804
Div X,6,2023,0,0,2,,,,,,,,,,,,,,,,,,,,,0,2.0,1.0,0.4290553718678152,0.4290553718678152,0.4290553718678152,0.4290553718678152,0.4290553718678152,0.4290553718678152,106.61481481481482
Div X,6,2025,0,0,4,,,,,,,,,,,,,,,,106.61481481481482,,,,,0,0.0,,,,,,,,274.42761692650333
Div X,5,2024,0,0,3,,,,,,,,,,,,,,,,,,,,,0,1.0,1.0,-0.9159030664036836,-0.9159030664036836,-0.9159030664036836,-0.9159030664036836,-0.9159030664036836,-0.9159030664036836,201.45982083166197
Div X,5,2025,3,1,1,5.0,5.0,5.0,5.0,5.0,5.0,178.71757812500005,178.71757812500005,178.71757812500005,178.71757812500005,178.71757812500005,178.71757812500005,,,,201.45982083166197,,,,,0,7.0,3.0,-0.9444986558147352,-1.948071709010412,-0.07978244777752379,-1.948071709010412,0.11836010258422501,-1.948071709010412,284.1145079109681
Div X,6,2025,3,1,1,6.333333333333333,6.333333333333333,6.333333333333333,6.333333333333333,5.0,7.0,173.09489806371423,173.09489806371423,173.09489806371423,173.09489806371423,223.92365038560416,119.69932432432441,,,,,,,,,0,2.0,1.0,-0.9873406150473878,-0.9873406150473878,-0.9873406150473878,-0.9873406150473878,-0.613699625169693,-1.3609816049250825,177.79905963870337
Div X,5,2024,0,0,2,,,,,,,,,,,,,,,,,,,,,0,2.0,1.0,-0.5490251103266086,-0.5490251103266086,-0.5490251103266086,-0.5490251103266086,-0.5490251103266086,-0.5490251103266086,137.38066586442034
Div X,5,2025,3,1,1,4.333333333333333,4.333333333333333,4.333333333333333,4.333333333333333,2.0,6.0,71.59165663858802,71.59165663858802,71.59165663858802,71.59165663858802,214.77496991576407,0.0,,,,137.38066586442034,,,,,0,1.0,1.0,0.20380255238758768,0.20380255238758768,0.20380255238758768,0.20380255238758768,0.20380255238758768,0.20380255238758768,276.09189237507826
Div X,6,2025,1,1,1,5.0,5.0,5.0,5.0,5.0,5.0,260.392,260.392,260.392,260.392,260.392,260.392,,,,,,,,,0,2.0,2.0,-0.28320345350624804,-1.136406907012496,0.57,-1.136406907012496,0.57,-1.136406907012496,172.34422172729518
Div X,5,2024,0,0,4,,,,,,,,,,,,,,,,,,,,,4,0.0,,,,,,,,0.0
Div X,5,2025,7,3,0,3.125,2.0,2.0,4.0,2.0,7.0,66.6186675416865,0.0,133.74458180246017,0.0,277.309765625,0.0,,,,0.0,,,,,0,8.0,4.0,0.1815201040924086,0.2942347253317426,0.6158450377746235,-0.20928102599493972,0.6158450377746235,-0.63,169.60990435326727
Div X,6,2025,1,1,2,5.0,5.0,5.0,5.0,5.0,5.0,0.0,0.0,0.0,0.0,0.0,0.0,,,,,,,,,0,1.0,1.0,-0.667147845551511,-0.667147845551511,-0.667147845551511,-0.667147845551511,-0.667147845551511,-0.667147845551511,172.34422172729518
Div X,5,2025,2,2,2,1.0,1.0,1.0,1.0,1.0,1.0,60.51941747572819,121.03883495145638,121.03883495145638,0.0,121.03883495145638,0.0,,,,,,,,,0,2.0,2.0,-0.9551530520151427,1.0896938959697147,1.0896938959697147,-3.0,1.0896938959697147,-3.0,354.85939036381524
Div X,6,2025,1,1,3,5.0,5.0,5.0,5.0,5.0,5.0,0.0,0.0,0.0,0.0,0.0,0.0,,,,,,,,,0,1.0,1.0,1.094122466704478,1.094122466704478,1.094122466704478,1.094122466704478,1.094122466704478,1.094122466704478,125.58846820094037
Div X,6,2025,0,0,3,,,,,,,,,,,,,,,,,,,,,0,1.0,1.0,-0.45366053497502745,-0.45366053497502745,-0.45366053497502745,-0.45366053497502745,-0.45366053497502745,-0.45366053497502745,99.87280376144517
Fenner,1,2022,0,0,4,,,,,,,,,,,,,,,,,,,,,0,4.0,1.0,0.36500000000000005,0.36500000000000005,0.36500000000000005,0.36500000000000005,1.33,-0.1,185.46636450381683
Fenner,1,2024,3,2,2,2.25,2.0,2.0,2.5,2.0,3.0,156.89878048780486,209.19837398373983,209.19837398373983,104.59918699186991,209.19837398373983,0.0,185.46636450381683,185.46636450381683,185.46636450381683,185.46636450381683,3.0,6.0,3.0,9.0,4,6.0,3.0,-0.06031220094966578,0.21530396483396408,0.26283529689185775,-0.4916307388531356,0.45988926888534737,-1.39,0.0
Fenner,1,2025,3,1,1,2.0,2.0,2.0,2.0,1.0,4.0,61.33167026997061,61.33167026997061,61.33167026997061,61.33167026997061,183.99501080991183,0.0,92.73318225190842,0.0,185.46636450381683,0.0,3.0,5.0,3.0,9.0,0,7.0,2.0,0.120367057526412,-0.17638833826470918,0.42785867301095903,-0.18712455795813507,0.80856577772328,-1.236149095973305,238.45889653999834
Fenner,2,2022,0,0,4,,,,,,,,,,,,,,,,,,,,,4,3.0,1.0,-0.9133333333333334,-0.9133333333333334,-0.9133333333333334,-0.9133333333333334,-0.1,-1.39,0.0
Fenner,2,2023,2,1,2,2.5,2.5,2.5,2.5,2.0,3.0,172.41316793893128,172.41316793893128,172.41316793893128,172.41316793893128,344.82633587786256,0.0,0.0,0.0,0.0,0.0,9.0,9.0,9.0,9.0,0,5.0,2.0,-0.9284726029974383,-1.2253513775132918,-0.21201804417995854,-1.644927161814918,0.04,-3.0,209.19837398373983
Fenner,2,2024,4,2,1,3.1666666666666665,4.0,2.3333333333333335,4.0,1.0,6.0,148.21427889847791,135.9854961247434,160.44306167221245,135.9854961247434,185.46636450381683,112.09366786140977,104.59918699186991,209.19837398373983,209.19837398373983,0.0,3.0,6.0,3.0,9.0,0,6.0,2.0,-0.06536311019547741,0.001291823789003721,0.19610509254741218,-0.32683131293836704,0.28,-0.5447814854447542,302.13884938590826
Fenner,2,2025,2,1,2,4.0,4.0,4.0,4.0,3.0,5.0,186.06565897333047,186.06565897333047,186.06565897333047,186.06565897333047,236.41208717743015,135.7192307692308,170.44574112321604,302.13884938590826,302.13884938590826,0.0,3.0,5.0,3.0,9.0,0,4.0,2.0,0.040978281597889465,-0.16392056464460808,0.245877127840387,-0.16392056464460808,0.33759661685965575,-0.18885611188481033,164.51687763713085
Fenner,3,2022,0,0,4,,,,,,,,,,,,,,,,,,,,,4,4.0,1.0,-1.02,-1.02,-1.02,-1.02,-0.72,-1.39,0.0
Fenner,3,2023,2,1,2,3.0,3.0,3.0,3.0,3.0,3.0,0.0,0.0,0.0,0.0,0.0,0.0,0.0,0.0,0.0,0.0,9.0,9.0,9.0,9.0,0,5.0,2.0,-0.5733612188155632,-0.4852089044961575,-0.4852089044961575,-0.661513533134969,-0.13127264709512143,-1.25,147.93141025641023
Fenner,3,2024,3,2,2,2.0,2.0,2.0,2.0,1.0,3.0,129.71603481601096,166.69888738011355,166.69888738011355,92.73318225190842,185.46636450381683,0.0,73.96570512820512,147.93141025641023,147.93141025641023,0.0,3.0,6.0,3.0,9.0,0,5.0,2.0,-0.2059120991511414,-0.15396707493554457,-0.15396707493554457,-0.2578571233667382,0.15415763882111827,-0.72,135.7192307692308
Fenner,3,2025,3,2,2,3.75,3.5,3.5,4.0,1.0,6.0,162.6452156157506,110.34562211981566,214.94480911168557,110.34562211981566,220.69124423963132,0.0,94.55021367521367,135.7192307692308,147.93141025641023,0.0,3.0,5.0,3.0,9.0,0,5.0,3.0,-0.2031383964654639,-0.04564735230002359,0.010838842299257245,-0.5469032978856814,0.45988926888534737,-0.5490251103266086,345.85083333333336
Fenner,4,2023,1,1,3,2.0,2.0,2.0,2.0,2.0,2.0,0.0,0.0,0.0,0.0,0.0,0.0,,,,,9.0,9.0,9.0,9.0,0,3.0,1.0,-0.269108926544999,-0.269108926544999,-0.269108926544999,-0.269108926544999,-0.13127264709512143,-0.33802706626993784,303.5965608465608
Fenner,4,2024,4,2,2,2.5,3.0,2.0,3.0,2.0,4.0,214.40531767704078,256.39746741515035,324.2114483622117,104.59918699186991,344.82633587786256,0.0,303.5965608465608,303.5965608465608,303.5965608465608,303.5965608465608,3.0,6.0,3.0,9.0,0,5.0,3.0,-0.1012886225568342,0.397738243876405,0.397738243876405,-0.8574687224401205,0.7656208989495764,-3.0,183.99501080991183
Fenner,4,2025,1,1,3,6.0,6.0,6.0,6.0,6.0,6.0,220.69124423963132,220.69124423963132,220.69124423963132,220.69124423963132,220.69124423963132,220.69124423963132,243.79578582823632,183.99501080991183,303.5965608465608,183.99501080991183,3.0,5.0,3.0,9.0,0,4.0,2.0,-0.5250182935108377,-0.6543196603685858,-0.39571692665308955,-0.6543196603685858,0.33759661685965575,-1.0865358125320916,247.64563899253736
Fenner,5,2023,0,0,4,,,,,,,,,,,,,,,,,9.0,9.0,9.0,9.0,0,3.0,1.0,-1.0645423848217679,-1.0645423848217679,-1.0645423848217679,-1.0645423848217679,0.14439991180463374,-3.0,132.16015625000006
Fenner,5,2024,2,1,2,4.5,4.5,4.5,4.5,4.0,5.0,217.87835854828043,217.87835854828043,217.87835854828043,217.87835854828043,303.5965608465608,132.16015625000006,132.16015625000006,132.16015625000006,132.16015625000006,132.16015625000006,3.0,6.0,3.0,9.0,0,3.0,2.0,0.16869069607725734,0.33759661685965575,0.33759661685965575,-0.00021522470514104275,0.33759661685965575,-0.33802706626993784,236.41208717743015
Fenner,5,2025,2,2,3,5.5,7.0,4.0,7.0,4.0,7.0,294.3041925854426,285.01182432432444,303.5965608465608,285.01182432432444,303.5965608465608,285.01182432432444,184.2861217137151,236.41208717743015,236.41208717743015,132.16015625000006,3.0,5.0,3.0,9.0,0,4.0,2.0,-0.8691423413987912,-0.8704277364503387,-0.8678569463472439,-0.8704277364503387,-0.13127264709512143,-1.236149095973305,335.1675158666309
Fenner,6,2023,1,1,3,1.0,1.0,1.0,1.0,1.0,1.0,185.46636450381683,185.46636450381683,185.46636450381683,185.46636450381683,185.46636450381683,185.46636450381683,,,,,9.0,9.0,9.0,9.0,0,3.0,1.0,-1.0193423554233128,-1.0193423554233128,-1.0193423554233128,-1.0193423554233128,0.28,-3.0,112.09366786140977
Fenner,6,2024,1,1,3,6.0,6.0,6.0,6.0,6.0,6.0,112.09366786140977,112.09366786140977,112.09366786140977,112.09366786140977,112.09366786140977,112.09366786140977,112.09366786140977,112.09366786140977,112.09366786140977,112.09366786140977,3.0,6.0,3.0,9.0,0,5.0,2.0,-0.6108116674843993,-0.28150993402040814,-0.28150993402040814,-0.9401134009483904,0.33759661685965575,-3.0,220.69124423963132
Fenner,6,2025,2,2,3,2.5,2.0,2.0,3.0,2.0,3.0,225.03512982115925,302.13884938590826,302.13884938590826,147.93141025641023,302.13884938590826,147.93141025641023,166.39245605052054,220.69124423963132,220.69124423963132,112.09366786140977,3.0,5.0,3.0,9.0,0,4.0,3.0,-0.7953496847876683,-1.1613424542526984,-0.5409957285760933,-1.1613424542526984,0.15415763882111827,-1.236149095973305,252.60826528087114
Fenner,7,2022,0,0,4,,,,,,,,,,,,,,,,,,,,,0,0.0,,,,,,,,271.58449612403103
Fenner,7,2023,1,1,3,2.0,2.0,2.0,2.0,2.0,2.0,0.0,0.0,0.0,0.0,0.0,0.0,271.58449612403103,271.58449612403103,271.58449612403103,271.58449612403103,9.0,9.0,9.0,9.0,0,4.0,1.0,-1.3004316728599077,-1.3004316728599077,-1.3004316728599077,-1.3004316728599077,0.14439991180463374,-3.0,251.84717223650378
Fenner,7,2024,1,1,3,4.0,4.0,4.0,4.0,4.0,4.0,303.5965608465608,303.5965608465608,303.5965608465608,303.5965608465608,303.5965608465608,303.5965608465608,261.7158341802674,251.84717223650378,271.58449612403103,251.84717223650378,3.0,6.0,3.0,9.0,0,2.0,1.0,-0.20256964518196194,-0.20256964518196194,-0.20256964518196194,-0.20256964518196194,-0.13127264709512143,-0.27386664326880245,285.01182432432444
Fenner,7,2025,1,1,3,7.0,7.0,7.0,7.0,7.0,7.0,285.01182432432444,285.01182432432444,285.01182432432444,285.01182432432444,285.01182432432444,285.01182432432444,269.48116422828645,285.01182432432444,285.01182432432444,251.84717223650378,3.0,5.0,3.0,9.0,0,3.0,1.0,-0.566290617042306,-0.566290617042306,-0.566290617042306,-0.566290617042306,-0.18885611188481033,-1.236149095973305,235.60404040404035
Griffin,1,2022,0,0,4,,,,,,,,,,,,,,,,,,,,,0,2.0,2.0,1.4049999999999998,2.34,2.34,0.47,2.34,0.47,361.18559160305335
Griffin,1,2023,3,1,1,1.6666666666666667,1.6666666666666667,1.6666666666666667,1.6666666666666667,1.0,3.0,364.97639440203557,364.97639440203557,364.97639440203557,364.97639440203557,372.55800000000005,361.18559160305335,361.18559160305335,361.18559160305335,361.18559160305335,361.18559160305335,3.0,3.0,3.0,3.0,4,6.0,2.0,0.6498765809793157,0.7597175000924254,1.007535661866206,0.2922175000924255,2.34,-0.13127264709512143,0.0
Griffin,1,2024,8,2,0,1.25,1.0,1.0,1.5,1.0,3.0,182.88341176002842,29.799019607843125,335.9678039122137,29.799019607843125,372.55800000000005,0.0,180.59279580152668,0.0,361.18559160305335,0.0,8.0,5.5,3.0,8.0,0,9.0,3.0,1.3045579040947062,2.113922723479708,2.113922723479708,0.3559317808198797,2.538864353322105,0.12358447581469537,370.1132686084143
Griffin,1,2025,10,3,0,1.0,1.0,1.0,1.0,1.0,1.0,183.40409165878916,277.5849514563107,277.5849514563107,29.799019607843125,370.1132686084143,0.0,243.76628673715587,370.1132686084143,370.1132686084143,0.0,5.0,5.333333333333333,3.0,8.0,0,12.0,4.0,1.1179727171206029,1.514750255805979,1.8547157409329023,0.15811361904609933,2.538864353322105,-0.13127264709512143,504.7219246790784
Griffin,2,2023,1,1,3,3.0,3.0,3.0,3.0,3.0,3.0,372.55800000000005,372.55800000000005,372.55800000000005,372.55800000000005,372.55800000000005,372.55800000000005,,,,,3.0,3.0,3.0,3.0,4,4.0,2.0,0.0027502144226405068,0.4336953592296379,0.9293316827771987,-0.9238312539319176,0.9986633655543973,-1.7163898607687138,0.0
Griffin,2,2024,2,1,2,2.0,2.0,2.0,2.0,2.0,2.0,0.0,0.0,0.0,0.0,0.0,0.0,0.0,0.0,0.0,0.0,8.0,5.5,3.0,8.0,0,3.0,3.0,0.3115053769738414,1.6522426261358407,1.6522426261358407,-1.7163898607687138,1.6522426261358407,-1.7163898607687138,317.20374919198446
Griffin,2,2025,4,2,1,2.1666666666666665,2.0,2.0,2.3333333333333335,1.0,3.0,216.00224612606232,205.42606094964745,226.57843130247716,205.42606094964745,362.53154471544707,0.0,158.60187459599223,317.20374919198446,317.20374919198446,0.0,5.0,5.333333333333333,3.0,8.0,0,5.0,3.0,1.3457786710737722,1.3571478170077296,1.709167025915467,1.0529864054491733,3.0586081244312946,0.03186498679542663,348.08069620253167
Griffin,3,2022,0,0,4,,,,,,,,,,,,,,,,,,,,,0,3.0,1.0,0.6633333333333333,0.6633333333333333,0.6633333333333333,0.6633333333333333,0.86,0.47,372.55800000000005
Griffin,3,2025,0,0,4,,,,,,,,,,,,,372.55800000000005,372.55800000000005,372.55800000000005,372.55800000000005,5.0,5.333333333333333,3.0,8.0,0,4.0,1.0,0.632648315383918,0.632648315383918,0.632648315383918,0.632648315383918,0.8806351561279945,0.3597259273996393,316.76437500000003
Griffin,4,2022,0,0,4,,,,,,,,,,,,,,,,,,,,,0,5.0,2.0,0.06625,0.32000000000000006,0.32000000000000006,-0.1875,1.35,-0.68,211.68222222222218
Griffin,4,2023,1,1,3,3.0,3.0,3.0,3.0,3.0,3.0,372.55800000000005,372.55800000000005,372.55800000000005,372.55800000000005,372.55800000000005,372.55800000000005,211.68222222222218,211.68222222222218,211.68222222222218,211.68222222222218,3.0,3.0,3.0,3.0,0,4.0,2.0,1.2625070896808408,1.2177872306855655,1.307226948676116,1.2177872306855655,1.86,0.47,241.50912698412702
Griffin,4,2025,4,2,1,5.333333333333333,4.666666666666667,4.666666666666667,6.0,1.0,7.0,182.5832714481022,180.38882053116586,184.77772236503856,180.38882053116586,345.56800000000004,0.0,226.5956746031746,241.50912698412702,241.50912698412702,211.68222222222218,5.0,5.333333333333333,3.0,8.0,0,8.0,4.0,0.5540403748662864,0.7568698410322806,1.0970734287887127,0.19208288723410058,1.5299499741101492,-0.8137257052665456,272.8955223880598
Griffin,5,2022,0,0,4,,,,,,,,,,,,,,,,,,,,,0,3.0,1.0,-0.5333333333333333,-0.5333333333333333,-0.5333333333333333,-0.5333333333333333,0.47,-1.2,162.84
Griffin,5,2023,3,1,1,5.666666666666667,5.666666666666667,5.666666666666667,5.666666666666667,4.0,7.0,175.51971794821603,175.51971794821603,175.51971794821603,175.51971794821603,211.68222222222218,140.70397727272734,162.84,162.84,162.84,162.84,3.0,3.0,3.0,3.0,4,10.0,4.0,-0.40546691759014997,0.5714573702894608,0.6592915289008614,-1.602839845738279,1.35,-2.1988168388432854,0.0
Griffin,5,2025,2,1,2,5.5,5.5,5.5,5.5,5.0,6.0,175.83135620679724,175.83135620679724,175.83135620679724,175.83135620679724,237.7603686635945,113.90234374999999,81.42,0.0,162.84,0.0,5.0,5.333333333333333,3.0,8.0,0,3.0,2.0,1.0204873310915172,0.9317207942292574,1.109253867953777,0.9317207942292574,1.453844566578471,0.4095970218800438,343.1901314025208
Griffin,6,2022,0,0,4,,,,,,,,,,,,,,,,,,,,,0,3.0,1.0,-0.7433333333333333,-0.7433333333333333,-0.7433333333333333,-0.7433333333333333,-0.68,-0.87,140.70397727272734
Griffin,6,2023,3,1,1,6.333333333333333,6.333333333333333,6.333333333333333,6.333333333333333,6.0,7.0,151.8603029650511,151.8603029650511,151.8603029650511,151.8603029650511,174.17295434969856,140.70397727272734,140.70397727272734,140.70397727272734,140.70397727272734,140.70397727272734,3.0,3.0,3.0,3.0,0,6.0,2.0,-1.0834476088030471,-0.646555371867815,-0.646555371867815,-1.520339845738279,-0.4512478911023571,-2.1988168388432854,124.87765830346468
Griffin,6,2024,0,0,4,,,,,,,,,,,,,132.790817788096,124.87765830346468,140.70397727272734,124.87765830346468,8.0,5.5,3.0,8.0,0,2.0,2.0,0.11416834381339071,0.47163016788916096,0.47163016788916096,-0.24329348026237954,0.47163016788916096,-0.24329348026237954,237.7603686635945
Griffin,6,2025,3,2,2,4.5,4.0,4.0,5.0,3.0,7.0,221.70757192075797,178.16433333333333,265.2508105081826,178.16433333333333,356.32866666666666,0.0,167.78066807992886,237.7603686635945,237.7603686635945,124.87765830346468,5.0,5.333333333333333,3.0,8.0,0,6.0,4.0,-0.7224183663726712,-1.4439962809604392,-0.07658679585524109,-1.4439962809604392,1.102228455315594,-3.0,222.21702548874043
Griffin,7,2022,0,0,4,,,,,,,,,,,,,,,,,,,,,0,2.0,1.0,-0.31999999999999995,-0.31999999999999995,-0.31999999999999995,-0.31999999999999995,0.56,-1.2,174.17295434969856
Griffin,7,2023,2,1,2,5.0,5.0,5.0,5.0,5.0,5.0,162.84,162.84,162.84,162.84,162.84,162.84,174.17295434969856,174.17295434969856,174.17295434969856,174.17295434969856,3.0,3.0,3.0,3.0,0,5.0,2.0,-0.9650385220117531,-1.4155018089346578,-0.5145752350888485,-1.4155018089346578,0.47,-1.7163898607687138,208.76516709511566
Griffin,7,2024,2,1,2,3.5,3.5,3.5,3.5,1.0,6.0,137.26000562232056,137.26000562232056,137.26000562232056,137.26000562232056,149.64235294117645,124.87765830346468,191.4690607224071,208.76516709511566,208.76516709511566,174.17295434969856,8.0,5.5,3.0,8.0,0,3.0,3.0,-0.9046965976865428,-0.0640250631139856,-0.0640250631139856,-2.1988168388432854,-0.0640250631139856,-2.1988168388432854,158.1233108108109
Griffin,7,2025,2,2,3,3.5,2.0,2.0,5.0,2.0,5.0,74.14000000000001,0.0,148.28000000000003,0.0,148.28000000000003,0.0,180.35381075187502,158.1233108108109,208.76516709511566,158.1233108108109,5.0,5.333333333333333,3.0,8.0,0,3.0,2.0,-0.9454545476739817,-0.6802450684868784,-0.6802450684868784,-1.210664026861085,0.4808379167484136,-1.8413280537221703,266.9737373737373
Johns,1,2022,0,0,4,,,,,,,,,,,,,,,,,,,,,4,4.0,1.0,-0.4125,-0.4125,-0.4125,-0.4125,0.09,-1.82,0.0
Johns,1,2023,2,1,2,1.0,1.0,1.0,1.0,1.0,1.0,0.0,0.0,0.0,0.0,0.0,0.0,0.0,0.0,0.0,0.0,5.0,5.0,5.0,5.0,4,5.0,2.0,0.11806490329864705,0.48899061042932773,0.6776117256692662,-0.44148191907197204,0.9714175885038993,-1.82,0.0
Johns,1,2024,6,2,0,2.125,2.0,2.0,2.25,1.0,3.0,115.55548712737124,110.4643902439024,120.64658401084009,110.4643902439024,261.6575555555555,0.0,0.0,0.0,0.0,0.0,5.0,5.0,5.0,5.0,0,11.0,4.0,0.08822671215127523,0.06870877693331462,0.290379226811069,-0.152510749929373,0.532620461629012,-0.4758633457198154,133.3171521035599
Johns,1,2025,3,2,2,1.75,2.0,1.5,2.0,1.0,2.0,171.89476405946996,229.19301874595996,229.19301874595996,114.59650937297998,229.19301874595996,0.0,44.43905070118663,133.3171521035599,133.3171521035599,0.0,7.0,5.666666666666667,5.0,7.0,0,6.0,3.0,0.14467710464955222,0.13931644423500852,0.29223935951107355,0.002475510202574617,0.9714175885038993,-0.3469168796867857,273.90300093513565
Johns,2,2023,2,1,2,4.0,4.0,4.0,4.0,3.0,5.0,265.75677777777776,265.75677777777776,265.75677777777776,265.75677777777776,269.856,261.6575555555555,,,,,5.0,5.0,5.0,5.0,0,6.0,2.0,0.031388897787818504,0.15530737460455482,0.18562553637833518,-0.12284774080269817,0.532620461629012,-0.58,220.9287804878048
Johns,2,2024,2,1,2,1.5,1.5,1.5,1.5,1.0,2.0,110.4643902439024,110.4643902439024,110.4643902439024,110.4643902439024,220.9287804878048,0.0,220.9287804878048,220.9287804878048,220.9287804878048,220.9287804878048,5.0,5.0,5.0,5.0,0,6.0,2.0,0.041930320565920505,-0.11514778036003875,0.19900842149187978,-0.11514778036003875,0.9714175885038993,-0.22884205726879991,229.19301874595996
Johns,2,2025,2,1,2,4.5,4.5,4.5,4.5,3.0,6.0,56.58076923076929,56.58076923076929,56.58076923076929,56.58076923076929,113.16153846153858,0.0,225.06089961688238,229.19301874595996,229.19301874595996,220.9287804878048,7.0,5.666666666666667,5.0,7.0,0,5.0,2.0,0.05056003501025349,-0.11136927732464402,0.212489347345151,-0.11136927732464402,0.3597259273996393,-0.3469168796867857,268.08728902953595
Johns,3,2022,0,0,4,,,,,,,,,,,,,,,,,,,,,0,2.0,1.0,-0.295,-0.295,-0.295,-0.295,-0.01,-0.58,261.6575555555555
Johns,3,2023,2,1,2,2.0,2.0,2.0,2.0,1.0,3.0,130.82877777777776,130.82877777777776,130.82877777777776,130.82877777777776,261.6575555555555,0.0,261.6575555555555,261.6575555555555,261.6575555555555,261.6575555555555,5.0,5.0,5.0,5.0,4,5.0,2.0,0.010481245005903916,0.04312553637833519,0.04312553637833519,-0.02216304636652735,0.532620461629012,-0.58,0.0
Johns,3,2024,3,2,2,4.75,4.5,4.5,5.0,4.0,6.0,210.2236354899441,205.62948598710318,214.817784992785,205.62948598710318,295.68636363636364,133.94920634920635,130.82877777777776,0.0,261.6575555555555,0.0,5.0,5.0,5.0,5.0,0,3.0,1.0,-0.1595901175407902,-0.1595901175407902,-0.1595901175407902,-0.1595901175407902,0.18473080182754117,-0.4758633457198154,113.16153846153858
Johns,3,2025,1,1,3,5.0,5.0,5.0,5.0,5.0,5.0,175.66171948121405,175.66171948121405,175.66171948121405,175.66171948121405,175.66171948121405,175.66171948121405,124.93969800569805,113.16153846153858,261.6575555555555,0.0,7.0,5.666666666666667,5.0,7.0,0,3.0,1.0,0.03527345350704203,0.03527345350704203,0.03527345350704203,0.03527345350704203,0.3597259273996393,-0.3469168796867857,264.40875000000005
Johns,4,2023,1,1,3,5.0,5.0,5.0,5.0,5.0,5.0,269.856,269.856,269.856,269.856,269.856,269.856,,,,,5.0,5.0,5.0,5.0,0,3.0,1.0,-0.177218073578414,-0.177218073578414,-0.177218073578414,-0.177218073578414,0.35115433097945015,-0.4758633457198154,133.94920634920635
Johns,4,2024,1,1,3,5.0,5.0,5.0,5.0,5.0,5.0,277.309765625,277.309765625,277.309765625,277.309765625,277.309765625,277.309765625,133.94920634920635,133.94920634920635,133.94920634920635,133.94920634920635,5.0,5.0,5.0,5.0,0,4.0,1.0,-0.011754565585953475,-0.011754565585953475,-0.011754565585953475,-0.011754565585953475,0.18473080182754117,-0.22884205726879991,169.5090636953268
Johns,4,2025,1,1,3,6.0,6.0,6.0,6.0,6.0,6.0,0.0,0.0,0.0,0.0,0.0,0.0,151.72913502226658,169.5090636953268,169.5090636953268,133.94920634920635,7.0,5.666666666666667,5.0,7.0,0,1.0,1.0,-0.3469168796867857,-0.3469168796867857,-0.3469168796867857,-0.3469168796867857,-0.3469168796867857,-0.3469168796867857,184.08558768656715
Johns,5,2022,0,0,4,,,,,,,,,,,,,,,,,,,,,0,1.0,1.0,-0.58,-0.58,-0.58,-0.58,-0.58,-0.58,269.856
Johns,5,2023,1,1,3,6.0,6.0,6.0,6.0,6.0,6.0,295.68636363636364,295.68636363636364,295.68636363636364,295.68636363636364,295.68636363636364,295.68636363636364,269.856,269.856,269.856,269.856,5.0,5.0,5.0,5.0,0,2.0,2.0,-0.020636323547560717,-0.13127264709512143,0.09,-0.13127264709512143,0.09,-0.13127264709512143,277.309765625
Johns,5,2024,0,0,4,,,,,,,,,,,,,273.5828828125,277.309765625,277.309765625,269.856,5.0,5.0,5.0,5.0,0,3.0,1.0,-0.059751227768387094,-0.059751227768387094,-0.059751227768387094,-0.059751227768387094,0.09301131280827245,-0.18763780873009633,175.66171948121405
Johns,5,2025,1,1,3,4.0,4.0,4.0,4.0,4.0,4.0,133.94920634920635,133.94920634920635,133.94920634920635,133.94920634920635,133.94920634920635,133.94920634920635,240.94249503540468,175.66171948121405,277.309765625,175.66171948121405,7.0,5.666666666666667,5.0,7.0,0,2.0,1.0,-0.3769310428408311,-0.3769310428408311,-0.3769310428408311,-0.3769310428408311,-0.3469168796867857,-0.4069452059948766,233.06149995530535
Johns,6,2022,0,0,4,,,,,,,,,,,,,,,,,,,,,0,1.0,1.0,-0.01,-0.01,-0.01,-0.01,-0.01,-0.01,295.68636363636364
Johns,6,2023,3,1,1,5.666666666666667,5.666666666666667,5.666666666666667,5.666666666666667,3.0,7.0,258.9982262417456,258.9982262417456,258.9982262417456,258.9982262417456,261.6575555555555,257.66856158484063,295.68636363636364,295.68636363636364,295.68636363636364,295.68636363636364,5.0,5.0,5.0,5.0,0,1.0,1.0,0.532620461629012,0.532620461629012,0.532620461629012,0.532620461629012,0.532620461629012,0.532620461629012,125.79080047789733
Johns,6,2024,1,1,3,7.0,7.0,7.0,7.0,7.0,7.0,181.6394601542416,181.6394601542416,181.6394601542416,181.6394601542416,181.6394601542416,181.6394601542416,210.7385820571305,125.79080047789733,295.68636363636364,125.79080047789733,5.0,5.0,5.0,5.0,4,2.0,1.0,-0.04731324796091194,-0.04731324796091194,-0.04731324796091194,-0.04731324796091194,0.09301131280827245,-0.18763780873009633,0.0
Johns,6,2025,0,0,4,,,,,,,,,,,,,140.492388038087,0.0,295.68636363636364,0.0,7.0,5.666666666666667,5.0,7.0,0,2.0,1.0,-0.3469168796867857,-0.3469168796867857,-0.3469168796867857,-0.3469168796867857,-0.3469168796867857,-0.3469168796867857,275.9861420440485
Johns,7,2022,0,0,4,,,,,,,,,,,,,,,,,,,,,0,0.0,,,,,,,,257.66856158484063
Johns,7,2023,1,1,3,5.0,5.0,5.0,5.0,5.0,5.0,269.856,269.856,269.856,269.856,269.856,269.856,257.66856158484063,257.66856158484063,257.66856158484063,257.66856158484063,5.0,5.0,5.0,5.0,0,3.0,1.0,0.3052089044961576,0.3052089044961576,0.3052089044961576,0.3052089044961576,0.9714175885038993,-0.4069452059948766,181.6394601542416
Johns,7,2024,0,0,4,,,,,,,,,,,,,219.6540108695411,181.6394601542416,257.66856158484063,181.6394601542416,5.0,5.0,5.0,5.0,0,1.0,1.0,-0.0846271873833374,-0.0846271873833374,-0.0846271873833374,-0.0846271873833374,-0.0846271873833374,-0.0846271873833374,119.69932432432441
Johns,7,2025,0,0,4,,,,,,,,,,,,,186.33578202113554,119.69932432432441,257.66856158484063,119.69932432432441,7.0,5.666666666666667,5.0,7.0,0,1.0,1.0,-0.3469168796867857,-0.3469168796867857,-0.3469168796867857,-0.3469168796867857,-0.3469168796867857,-0.3469168796867857,280.0444444444445
Lodge,1,2024,4,2,2,3.75,3.5,3.5,4.0,2.0,6.0,201.6221043119915,161.5503588668699,241.69384975711313,161.5503588668699,344.82633587786256,113.90234374999999,,,,,6.0,8.0,6.0,10.0,0,6.0,4.0,0.7475835624671707,0.9866832746229557,1.2515860444916682,-0.0599286762675883,1.516488814360381,-0.29,300.82847896440126
Lodge,1,2025,5,2,0,2.5,2.5,2.5,2.5,1.0,5.0,192.83543167967204,215.32022608287022,215.32022608287022,170.35063727647386,300.82847896440126,0.0,300.82847896440126,300.82847896440126,300.82847896440126,300.82847896440126,8.0,8.0,6.0,10.0,0,8.0,3.0,0.45140613847360067,0.21237668932288076,0.966523947489736,-0.02486143424763583,2.07410782410292,-0.3883404898064284,303.29567287256657
Lodge,2,2023,4,1,0,3.5,3.5,3.5,3.5,2.0,4.0,86.20658396946564,86.20658396946564,86.20658396946564,86.20658396946564,344.82633587786256,0.0,,,,,10.0,10.0,10.0,10.0,0,6.0,3.0,0.5669254077806289,1.3093586348379875,1.3093586348379875,-0.58,1.516488814360381,-0.87,209.19837398373983
Lodge,3,2024,7,2,0,4.25,3.75,3.75,4.75,2.0,6.0,114.27577103493383,165.43561522327673,167.71511383846084,60.83642823140683,209.19837398373983,0.0,,,,,6.0,8.0,6.0,10.0,0,8.0,3.0,0.2104301074218834,0.1848064926513826,0.6669647722260277,-0.30825062117751595,1.516488814360381,-0.87,165.4953846153847
Lodge,4,2022,0,0,4,,,,,,,,,,,,,,,,,,,,,4,1.0,1.0,-0.87,-0.87,-0.87,-0.87,-0.87,-0.87,0.0
Lodge,5,2023,1,1,3,6.0,6.0,6.0,6.0,6.0,6.0,138.5613636363637,138.5613636363637,138.5613636363637,138.5613636363637,138.5613636363637,138.5613636363637,,,,,10.0,10.0,10.0,10.0,0,4.0,1.0,1.164241210691014,1.164241210691014,1.164241210691014,1.164241210691014,1.516488814360381,0.17014264746482338,113.90234374999999
Lodge,5,2024,3,2,2,4.5,4.0,4.0,5.0,2.0,6.0,117.02127808374861,169.32087157968357,169.32087157968357,64.72168458781366,209.19837398373983,0.0,113.90234374999999,113.90234374999999,113.90234374999999,113.90234374999999,6.0,8.0,6.0,10.0,0,2.0,1.0,0.9866832746229557,0.9866832746229557,0.9866832746229557,0.9866832746229557,0.9866832746229557,0.9866832746229557,261.3779917101217
Lodge,5,2025,5,3,2,4.5,3.0,3.0,5.5,3.0,6.0,142.09945166257546,165.4953846153847,165.4953846153847,121.67285646281366,165.4953846153847,113.90234374999999,187.64016773006085,261.3779917101217,261.3779917101217,113.90234374999999,8.0,8.0,6.0,10.0,0,7.0,3.0,0.1163442999064927,0.01738835869319219,0.42676076934245943,-0.17759997193649638,1.516488814360381,-0.3883404898064284,377.46857960132303
Lodge,6,2022,0,0,4,,,,,,,,,,,,,,,,,,,,,0,1.0,1.0,-0.87,-0.87,-0.87,-0.87,-0.87,-0.87,138.5613636363637
Lodge,6,2023,1,1,3,6.0,6.0,6.0,6.0,6.0,6.0,138.5613636363637,138.5613636363637,138.5613636363637,138.5613636363637,138.5613636363637,138.5613636363637,138.5613636363637,138.5613636363637,138.5613636363637,138.5613636363637,10.0,10.0,10.0,10.0,0,2.0,1.0,0.17014264746482338,0.17014264746482338,0.17014264746482338,0.17014264746482338,0.17014264746482338,0.17014264746482338,129.4433691756273
Lodge,6,2024,1,1,3,6.0,6.0,6.0,6.0,6.0,6.0,129.4433691756273,129.4433691756273,129.4433691756273,129.4433691756273,129.4433691756273,129.4433691756273,134.0023664059955,129.4433691756273,138.5613636363637,129.4433691756273,6.0,8.0,6.0,10.0,4,1.0,1.0,-0.12100082823668791,-0.12100082823668791,-0.12100082823668791,-0.12100082823668791,-0.12100082823668791,-0.12100082823668791,0.0
Lodge,7,2023,0,0,4,,,,,,,,,,,,,,,,,10.0,10.0,10.0,10.0,0,4.0,2.0,0.47039720878476193,0.6843475286370365,0.6843475286370365,0.25644688893248735,1.453844566578471,0.17014264746482338,244.6668380462725
Lodge,7,2024,3,2,2,5.75,6.0,5.5,6.0,5.0,7.0,136.01192314574084,156.14795850739074,156.14795850739074,115.87588778409092,198.3935732647815,113.90234374999999,244.6668380462725,244.6668380462725,244.6668380462725,244.6668380462725,6.0,8.0,6.0,10.0,0,4.0,2.0,-0.10094619100762947,-0.31372171072315663,0.11182932870789768,-0.31372171072315663,1.516488814360381,-2.336653118293163,119.69932432432441
Lodge,7,2025,2,2,3,6.0,6.0,6.0,6.0,6.0,6.0,64.72168458781366,0.0,129.4433691756273,0.0,129.4433691756273,0.0,182.18308118529845,119.69932432432441,244.6668380462725,119.69932432432441,8.0,8.0,6.0,10.0,0,2.0,1.0,0.135306002237819,0.135306002237819,0.135306002237819,0.135306002237819,0.6589524942820664,-0.3883404898064284,180.05353535353532
Ursula,1,2023,3,1,1,3.0,3.0,3.0,3.0,3.0,3.0,288.70644444444446,288.70644444444446,288.70644444444446,288.70644444444446,288.70644444444446,288.70644444444446,,,,,4.0,4.0,4.0,4.0,4,4.0,2.0,-0.45952550134149245,-0.42991791923652284,-0.42991791923652284,-0.489133083446462,-0.062354507370182645,-1.1650447429692035,0.0
Ursula,1,2024,3,2,2,1.5,1.0,1.0,2.0,1.0,3.0,72.17661111111111,0.0,144.35322222222223,0.0,288.70644444444446,0.0,0.0,0.0,0.0,0.0,9.0,6.5,4.0,9.0,0,6.0,3.0,0.5827502588254376,0.8342000530181675,0.8342000530181675,0.4348196751503455,1.357521511471288,-0.426732458300917,206.1100323624596
Ursula,1,2025,2,1,2,5.0,5.0,5.0,5.0,3.0,7.0,61.190033783783825,61.190033783783825,61.190033783783825,61.190033783783825,122.38006756756765,0.0,103.0550161812298,206.1100323624596,206.1100323624596,0.0,6.0,6.333333333333333,4.0,9.0,4,3.0,2.0,0.07120719278368447,-0.24017322439854397,0.3825876099659129,-0.24017322439854397,0.47163016788916096,-0.7738915008397528,0.0
Ursula,2,2024,5,2,0,3.0,2.75,2.75,3.25,1.0,4.0,209.8912156084656,173.80291005291005,245.97952116402115,173.80291005291005,288.70644444444446,0.0,,,,,9.0,6.5,4.0,9.0,0,5.0,3.0,0.21330443821476774,0.368619546542402,0.9200114167315074,-0.36899150632356204,1.048489647431011,-0.426732458300917,245.05080801551387
Ursula,2,2025,3,2,2,2.0,2.0,2.0,2.0,1.0,3.0,51.5275080906149,103.0550161812298,103.0550161812298,0.0,206.1100323624596,0.0,245.05080801551387,245.05080801551387,245.05080801551387,245.05080801551387,6.0,6.333333333333333,4.0,9.0,4,8.0,3.0,0.5002083539492744,0.6224445871282719,0.6482654775868837,0.2523425267831421,1.357521511471288,-0.02668591382206044,0.0
Ursula,3,2022,0,0,4,,,,,,,,,,,,,,,,,,,,,0,3.0,2.0,-0.185,0.35,0.35,-0.72,0.94,-1.2,288.70644444444446
Ursula,3,2023,0,0,4,,,,,,,,,,,,,288.70644444444446,288.70644444444446,288.70644444444446,288.70644444444446,4.0,4.0,4.0,4.0,0,2.0,1.0,0.3645893393309106,0.3645893393309106,0.3645893393309106,0.3645893393309106,0.7915331860320038,-0.062354507370182645,222.04166666666666
Ursula,3,2024,1,1,3,3.0,3.0,3.0,3.0,3.0,3.0,222.04166666666666,222.04166666666666,222.04166666666666,222.04166666666666,222.04166666666666,222.04166666666666,255.37405555555557,222.04166666666666,288.70644444444446,222.04166666666666,9.0,6.5,4.0,9.0,4,4.0,2.0,0.4444390948206591,0.5746407892359199,0.5746407892359199,0.3142374004053982,0.7188556591213825,-0.062354507370182645,0.0
Ursula,3,2025,1,1,3,4.0,4.0,4.0,4.0,4.0,4.0,150.49625810743385,150.49625810743385,150.49625810743385,150.49625810743385,150.49625810743385,150.49625810743385,170.24937037037037,0.0,288.70644444444446,0.0,6.0,6.333333333333333,4.0,9.0,4,5.0,3.0,0.5542854988442081,0.7205196731956317,0.7205196731956317,0.3703745407792142,1.2542379496368405,0.20380255238758768,0.0
Ursula,4,2022,0,0,4,,,,,,,,,,,,,,,,,,,,,4,0.0,,,,,,,,0.0
Ursula,4,2023,1,1,3,4.0,4.0,4.0,4.0,4.0,4.0,0.0,0.0,0.0,0.0,0.0,0.0,0.0,0.0,0.0,0.0,4.0,4.0,4.0,4.0,0,2.0,1.0,0.7915331860320038,0.7915331860320038,0.7915331860320038,0.7915331860320038,0.7915331860320038,0.7915331860320038,251.12830687830686
Ursula,4,2024,1,1,3,4.0,4.0,4.0,4.0,4.0,4.0,0.0,0.0,0.0,0.0,0.0,0.0,125.56415343915343,251.12830687830686,251.12830687830686,0.0,9.0,6.5,4.0,9.0,0,3.0,1.0,0.25874155043919245,0.25874155043919245,0.25874155043919245,0.25874155043919245,0.2862110494649948,0.20380255238758768,150.49625810743385
Ursula,4,2025,1,1,3,6.0,6.0,6.0,6.0,6.0,6.0,0.0,0.0,0.0,0.0,0.0,0.0,133.8748549952469,150.49625810743385,251.12830687830686,0.0,6.0,6.333333333333333,4.0,9.0,4,1.0,1.0,-0.1868013967544231,-0.1868013967544231,-0.1868013967544231,-0.1868013967544231,-0.1868013967544231,-0.1868013967544231,0.0
Ursula,5,2022,0,0,4,,,,,,,,,,,,,,,,,,,,,0,3.0,2.0,0.40499999999999997,0.94,0.94,-0.13,0.94,-1.2,255.296
Ursula,5,2023,1,1,3,5.0,5.0,5.0,5.0,5.0,5.0,255.296,255.296,255.296,255.296,255.296,255.296,255.296,255.296,255.296,255.296,4.0,4.0,4.0,4.0,4,4.0,2.0,-0.6907482321538686,-0.33408156548720186,-0.33408156548720186,-1.0474148988205354,0.94,-2.267734978568224,0.0
Ursula,5,2024,1,1,3,6.0,6.0,6.0,6.0,6.0,6.0,143.14050179211472,143.14050179211472,143.14050179211472,143.14050179211472,143.14050179211472,143.14050179211472,127.648,0.0,255.296,0.0,9.0,6.5,4.0,9.0,0,5.0,2.0,0.17258900652801412,0.4815311978974906,0.4815311978974906,-0.13635318484146236,1.357521511471288,-2.267734978568224,208.11739537371304
Ursula,5,2025,0,0,4,,,,,,,,,,,,,154.47113179123767,208.11739537371304,255.296,0.0,6.0,6.333333333333333,4.0,9.0,0,2.0,1.0,-0.10674365528824176,-0.10674365528824176,-0.10674365528824176,-0.10674365528824176,-0.02668591382206044,-0.1868013967544231,394.2431393581836
Ursula,6,2022,0,0,4,,,,,,,,,,,,,,,,,,,,,0,0.0,,,,,,,,289.9727272727273
Ursula,6,2023,0,0,4,,,,,,,,,,,,,289.9727272727273,289.9727272727273,289.9727272727273,289.9727272727273,4.0,4.0,4.0,4.0,0,3.0,1.0,-0.38357050347653393,-0.38357050347653393,-0.38357050347653393,-0.38357050347653393,0.7915331860320038,-2.267734978568224,143.14050179211472
Ursula,6,2024,0,0,4,,,,,,,,,,,,,216.556614532421,143.14050179211472,289.9727272727273,143.14050179211472,9.0,6.5,4.0,9.0,4,2.0,1.0,0.7806620319294378,0.7806620319294378,0.7806620319294378,0.7806620319294378,1.357521511471288,0.20380255238758768,0.0
Ursula,6,2025,1,1,3,5.0,5.0,5.0,5.0,5.0,5.0,208.11739537371304,208.11739537371304,208.11739537371304,208.11739537371304,208.11739537371304,208.11739537371304,144.37107635494735,0.0,289.9727272727273,0.0,6.0,6.333333333333333,4.0,9.0,0,4.0,2.0,-0.07282622004932397,-0.13068606047246326,-0.01496637962618467,-0.13068606047246326,0.80856577772328,-0.7738915008397528,312.6114823063598
Ursula,7,2022,0,0,4,,,,,,,,,,,,,,,,,,,,,0,0.0,,,,,,,,245.89354005167962
Ursula,7,2023,1,1,3,7.0,7.0,7.0,7.0,7.0,7.0,245.89354005167962,245.89354005167962,245.89354005167962,245.89354005167962,245.89354005167962,245.89354005167962,245.89354005167962,245.89354005167962,245.89354005167962,245.89354005167962,4.0,4.0,4.0,4.0,4,2.0,1.0,0.3254902821066185,0.3254902821066185,0.3254902821066185,0.3254902821066185,0.3254902821066185,0.3254902821066185,0.0
Ursula,7,2024,3,2,2,7.0,7.0,7.0,7.0,7.0,7.0,61.473385012919906,0.0,122.94677002583981,0.0,245.89354005167962,0.0,122.94677002583981,0.0,245.89354005167962,0.0,9.0,6.5,4.0,9.0,0,5.0,2.0,0.2924367522557521,0.2106699271440383,0.42291687262831346,0.1619566318831908,0.47163016788916096,-0.3112505543462071,122.38006756756765
Ursula,7,2025,2,1,2,3.5,3.5,3.5,3.5,1.0,6.0,103.0550161812298,103.0550161812298,103.0550161812298,103.0550161812298,206.1100323624596,0.0,122.75786920641576,122.38006756756765,245.89354005167962,0.0,6.0,6.333333333333333,4.0,9.0,0,4.0,3.0,0.4363773241378081,0.4246273121001029,0.6443314359147775,0.24017322439854397,1.048489647431011,0.24017322439854397,348.0121212121212
Wamburun,1,2024,4,2,2,4.25,4.0,4.0,4.5,4.0,5.0,258.34218187830686,286.98161375661374,300.50955687830685,216.1748068783069,314.0375,145.36800000000005,,,,,4.0,5.5,4.0,7.0,0,6.0,4.0,0.20147646576074188,-0.09086282868731287,1.102228455315594,-0.8183662291504585,1.102228455315594,-1.21,124.5469255663431
Wamburun,1,2025,3,2,2,4.0,4.0,4.0,4.0,1.0,7.0,92.86847967506347,123.46349656695537,123.46349656695537,62.27346278317155,124.5469255663431,0.0,124.5469255663431,124.5469255663431,124.5469255663431,124.5469255663431,9.0,6.666666666666667,4.0,9.0,0,8.0,4.0,0.11442294434576657,0.29354505204266484,0.3884879757542441,-0.18127132604535792,0.5070323626191483,-0.3655861322880712,192.64090793165016
Wamburun,3,2024,1,1,3,7.0,7.0,7.0,7.0,7.0,7.0,211.95642673521846,211.95642673521846,211.95642673521846,211.95642673521846,211.95642673521846,211.95642673521846,,,,,4.0,5.5,4.0,7.0,4,6.0,2.0,0.05984025005813867,0.11312570359085483,0.11312570359085483,0.006554796525422513,0.3892216708117538,-0.426732458300917,0.0
Wamburun,3,2025,3,2,2,4.0,3.0,3.0,5.0,3.0,7.0,52.989106683804614,0.0,105.97821336760923,0.0,211.95642673521846,0.0,0.0,0.0,0.0,0.0,9.0,6.666666666666667,4.0,9.0,4,5.0,3.0,-0.1527471692759658,-0.6346385362870471,0.10843556841484085,-0.6346385362870471,0.5070323626191483,-1.9842155131793728,0.0
Wamburun,4,2022,0,0,4,,,,,,,,,,,,,,,,,,,,,0,3.0,1.0,-0.3633333333333333,-0.3633333333333333,-0.3633333333333333,-0.3633333333333333,1.33,-1.21,314.0375
Wamburun,4,2023,3,1,1,5.333333333333333,5.333333333333333,5.333333333333333,5.333333333333333,4.0,7.0,229.21216925064604,229.21216925064604,229.21216925064604,229.21216925064604,314.0375,145.36800000000005,314.0375,314.0375,314.0375,314.0375,7.0,7.0,7.0,7.0,0,5.0,2.0,0.2801813954093988,0.9296199723802662,0.9296199723802662,-0.36925718156146864,1.102228455315594,-1.21,286.98161375661374
Wamburun,4,2024,4,2,1,5.0,5.333333333333333,4.666666666666667,5.333333333333333,4.0,6.0,285.773179794618,279.35794930875574,292.1884102804802,279.35794930875574,314.0375,275.54611708482673,300.50955687830685,286.98161375661374,314.0375,286.98161375661374,4.0,5.5,4.0,7.0,0,5.0,4.0,0.5189885130641216,0.6736176281209427,0.8433157309126023,-0.05388577234220293,1.102228455315594,-1.21,196.67021453517387
Wamburun,4,2025,1,1,3,4.0,4.0,4.0,4.0,4.0,4.0,196.67021453517387,196.67021453517387,196.67021453517387,196.67021453517387,196.67021453517387,196.67021453517387,265.8964427639292,196.67021453517387,314.0375,196.67021453517387,9.0,6.666666666666667,4.0,9.0,0,2.0,1.0,0.3469168796867857,0.3469168796867857,0.3469168796867857,0.3469168796867857,0.5070323626191483,0.1868013967544231,171.02530317164184
Wamburun,5,2022,0,0,4,,,,,,,,,,,,,,,,,,,,,0,2.0,1.0,-1.04,-1.04,-1.04,-1.04,-1.04,-1.04,145.36800000000005
Wamburun,5,2023,2,1,2,6.0,6.0,6.0,6.0,5.0,7.0,186.79950387596904,186.79950387596904,186.79950387596904,186.79950387596904,228.231007751938,145.36800000000005,145.36800000000005,145.36800000000005,145.36800000000005,145.36800000000005,7.0,7.0,7.0,7.0,0,3.0,2.0,-0.7188992483725974,-0.31279849674519483,-0.31279849674519483,-1.125,0.5844030065096103,-1.21,192.4109375
Wamburun,5,2024,2,2,3,7.0,7.0,7.0,7.0,7.0,7.0,220.09371724357823,211.95642673521846,228.231007751938,211.95642673521846,228.231007751938,211.95642673521846,168.88946875000002,192.4109375,192.4109375,145.36800000000005,4.0,5.5,4.0,7.0,0,1.0,1.0,-1.0,-1.0,-1.0,-1.0,-1.0,-1.0,159.01778312608639
Wamburun,5,2025,1,1,3,5.0,5.0,5.0,5.0,5.0,5.0,159.01778312608639,159.01778312608639,159.01778312608639,159.01778312608639,159.01778312608639,159.01778312608639,165.59890687536213,159.01778312608639,192.4109375,145.36800000000005,9.0,6.666666666666667,4.0,9.0,0,2.0,1.0,-0.8720211443904144,-0.8720211443904144,-0.8720211443904144,-0.8720211443904144,0.24017322439854397,-1.9842155131793728,168.88057566818637
Wamburun,6,2023,1,1,3,4.0,4.0,4.0,4.0,4.0,4.0,314.0375,314.0375,314.0375,314.0375,314.0375,314.0375,,,,,7.0,7.0,7.0,7.0,0,3.0,2.0,0.3947149792851996,0.8433157309126023,0.8433157309126023,-0.05388577234220293,1.102228455315594,-1.21,275.54611708482673
Wamburun,6,2024,0,0,4,,,,,,,,,,,,,275.54611708482673,275.54611708482673,275.54611708482673,275.54611708482673,4.0,5.5,4.0,7.0,4,2.0,1.0,0.03186498679542664,0.03186498679542664,0.03186498679542664,0.03186498679542664,0.12358447581469537,-0.059854502223842095,0.0
Wamburun,6,2025,0,0,4,,,,,,,,,,,,,137.77305854241337,0.0,275.54611708482673,0.0,9.0,6.666666666666667,4.0,9.0,0,1.0,1.0,0.24017322439854397,0.24017322439854397,0.24017322439854397,0.24017322439854397,0.24017322439854397,0.24017322439854397,138.05666914130177
Wamburun,7,2022,0,0,4,,,,,,,,,,,,,,,,,,,,,0,4.0,1.0,-1.0525,-1.0525,-1.0525,-1.0525,-1.0,-1.21,228.231007751938
Wamburun,7,2023,1,1,3,7.0,7.0,7.0,7.0,7.0,7.0,228.231007751938,228.231007751938,228.231007751938,228.231007751938,228.231007751938,228.231007751938,228.231007751938,228.231007751938,228.231007751938,228.231007751938,7.0,7.0,7.0,7.0,0,2.0,1.0,0.05111422765779705,0.05111422765779705,0.05111422765779705,0.05111422765779705,1.102228455315594,-1.0,211.95642673521846
Wamburun,7,2024,0,0,4,,,,,,,,,,,,,220.09371724357823,211.95642673521846,228.231007751938,211.95642673521846,4.0,5.5,4.0,7.0,4,3.0,1.0,-0.3044398062752254,-0.3044398062752254,-0.3044398062752254,-0.3044398062752254,-0.059854502223842095,-0.426732458300917,0.0
Wamburun,7,2025,3,1,1,5.666666666666667,5.666666666666667,5.666666666666667,5.666666666666667,5.0,6.0,53.00592770869546,53.00592770869546,53.00592770869546,53.00592770869546,159.01778312608639,0.0,146.72914482905216,0.0,228.231007751938,0.0,9.0,6.666666666666667,4.0,9.0,0,3.0,1.0,-1.1051786628384053,-1.1051786628384053,-1.1051786628384053,-1.1051786628384053,-0.059854502223842095,-1.6278407431456867,270.2414141414141
Wright,1,2023,2,1,2,6.0,6.0,6.0,6.0,6.0,6.0,256.4051136363637,256.4051136363637,256.4051136363637,256.4051136363637,256.4051136363637,256.4051136363637,,,,,6.0,6.0,6.0,6.0,0,6.0,4.0,-0.12555610255350597,-0.5792405553072236,0.925,-0.8296860920347241,1.28,-0.8893721840694482,149.64235294117645
Wright,1,2025,3,2,2,4.25,4.0,4.0,4.5,4.0,5.0,37.6044921875,0.0,75.208984375,0.0,150.41796875,0.0,149.64235294117645,149.64235294117645,149.64235294117645,149.64235294117645,11.0,9.0,6.0,11.0,0,9.0,4.0,-0.1359153443298098,0.13095031619875333,0.32175988254122534,-0.514063253607699,1.094122466704478,-0.837180340130069,128.6686219501828
Wright,2,2023,1,1,3,6.0,6.0,6.0,6.0,6.0,6.0,256.4051136363637,256.4051136363637,256.4051136363637,256.4051136363637,256.4051136363637,256.4051136363637,,,,,6.0,6.0,6.0,6.0,4,1.0,1.0,-0.8893721840694482,-0.8893721840694482,-0.8893721840694482,-0.8893721840694482,-0.8893721840694482,-0.8893721840694482,0.0
Wright,2,2025,2,1,2,4.0,4.0,4.0,4.0,4.0,4.0,0.0,0.0,0.0,0.0,0.0,0.0,0.0,0.0,0.0,0.0,11.0,9.0,6.0,11.0,0,7.0,4.0,0.4082626685577517,0.7205196731956317,0.7205196731956317,0.25372015008211685,1.2542379496368405,-0.3469168796867857,277.34968354430384
Wright,3,2023,2,1,2,5.0,5.0,5.0,5.0,5.0,5.0,260.392,260.392,260.392,260.392,260.392,260.392,,,,,6.0,6.0,6.0,6.0,0,3.0,2.0,0.0401175671142909,-0.06661873438442825,0.14685386861301006,-0.06661873438442825,0.2737077372260201,-0.4069452059948766,222.04166666666666
Wright,3,2024,5,2,0,2.75,2.25,2.25,3.25,1.0,6.0,111.03738484724698,78.98674564270152,143.08802405179244,78.98674564270152,256.4051136363637,0.0,222.04166666666666,222.04166666666666,222.04166666666666,222.04166666666666,10.0,8.0,6.0,10.0,0,6.0,2.0,0.11278139868381742,0.3116481672563368,0.3116481672563368,-0.08608536988870197,1.15150026877777,-0.8893721840694482,299.0369230769231
Wright,3,2025,1,1,3,5.0,5.0,5.0,5.0,5.0,5.0,191.4734590185854,191.4734590185854,191.4734590185854,191.4734590185854,191.4734590185854,191.4734590185854,260.5392948717949,299.0369230769231,299.0369230769231,222.04166666666666,11.0,9.0,6.0,11.0,0,4.0,2.0,0.26063594667195017,0.4536605349750274,0.4536605349750274,0.06761135836887293,1.094122466704478,-0.8272633284838736,181.30458333333343
Wright,4,2023,1,1,3,5.0,5.0,5.0,5.0,5.0,5.0,260.392,260.392,260.392,260.392,260.392,260.392,,,,,6.0,6.0,6.0,6.0,4,2.0,1.0,-0.6481586950321624,-0.6481586950321624,-0.6481586950321624,-0.6481586950321624,-0.4069452059948766,-0.8893721840694482,0.0
Wright,4,2024,1,1,3,5.0,5.0,5.0,5.0,5.0,5.0,150.41796875,150.41796875,150.41796875,150.41796875,150.41796875,150.41796875,0.0,0.0,0.0,0.0,10.0,8.0,6.0,10.0,4,6.0,2.0,0.19408796015292779,0.2995524764100672,0.2995524764100672,0.08862344389578838,1.15150026877777,-0.7101606155053489,0.0
Wright,4,2025,1,1,3,7.0,7.0,7.0,7.0,7.0,7.0,0.0,0.0,0.0,0.0,0.0,0.0,0.0,0.0,0.0,0.0,11.0,9.0,6.0,11.0,0,4.0,2.0,-0.42800197871816065,-0.35178742293742693,-0.35178742293742693,-0.5042165344988944,0.11037045499761675,-0.8272633284838736,128.36170708955228
Wright,5,2022,0,0,4,,,,,,,,,,,,,,,,,,,,,0,2.0,1.0,0.295,0.295,0.295,0.295,0.57,0.02,260.392
Wright,5,2023,0,0,4,,,,,,,,,,,,,260.392,260.392,260.392,260.392,6.0,6.0,6.0,6.0,0,3.0,1.0,-0.3822044979282259,-0.3822044979282259,-0.3822044979282259,-0.3822044979282259,0.2737077372260201,-0.7101606155053489,150.41796875
Wright,5,2024,4,2,2,3.75,2.0,2.0,5.5,1.0,6.0,222.1202833110517,185.84200980392154,258.3985568181819,185.84200980392154,260.392,149.64235294117645,205.404984375,150.41796875,260.392,150.41796875,10.0,8.0,6.0,10.0,0,9.0,4.0,0.07665975441238133,0.46622307346905356,0.6150282481974885,-0.44658010963631956,1.15150026877777,-0.8893721840694482,191.4734590185854
Wright,5,2025,0,0,4,,,,,,,,,,,,,200.76114258952848,191.4734590185854,260.392,150.41796875,11.0,9.0,6.0,11.0,0,3.0,1.0,-0.19167194000506427,-0.19167194000506427,-0.19167194000506427,-0.19167194000506427,0.11037045499761675,-0.3469168796867857,263.693304728703
Wright,6,2022,0,0,4,,,,,,,,,,,,,,,,,,,,,0,3.0,2.0,0.4125,0.925,0.925,-0.10000000000000003,1.28,-0.77,256.4051136363637
Wright,6,2023,0,0,4,,,,,,,,,,,,,256.4051136363637,256.4051136363637,256.4051136363637,256.4051136363637,6.0,6.0,6.0,6.0,4,3.0,2.0,-0.12824983463368805,-0.33802706626993784,0.08152739700256167,-0.33802706626993784,0.57,-0.4069452059948766,0.0
Wright,6,2024,1,1,3,7.0,7.0,7.0,7.0,7.0,7.0,230.37192075796727,230.37192075796727,230.37192075796727,230.37192075796727,230.37192075796727,230.37192075796727,128.20255681818185,0.0,256.4051136363637,0.0,10.0,8.0,6.0,10.0,4,4.0,2.0,0.007308906956092344,-0.09836193689623858,0.11297975080842326,-0.09836193689623858,0.57,-0.16703568446074454,0.0
Wright,6,2025,1,1,3,7.0,7.0,7.0,7.0,7.0,7.0,0.0,0.0,0.0,0.0,0.0,0.0,85.46837121212123,0.0,256.4051136363637,0.0,11.0,9.0,6.0,11.0,0,2.0,1.0,0.6823042023172287,0.6823042023172287,0.6823042023172287,0.6823042023172287,1.2542379496368405,0.11037045499761675,260.4008908685969
Wright,7,2022,0,0,4,,,,,,,,,,,,,,,,,,,,,0,1.0,1.0,0.57,0.57,0.57,0.57,0.57,0.57,230.37192075796727
Wright,7,2023,1,1,3,7.0,7.0,7.0,7.0,7.0,7.0,230.37192075796727,230.37192075796727,230.37192075796727,230.37192075796727,230.37192075796727,230.37192075796727,230.37192075796727,230.37192075796727,230.37192075796727,230.37192075796727,6.0,6.0,6.0,6.0,0,3.0,1.0,-0.416126156198449,-0.416126156198449,-0.416126156198449,-0.416126156198449,-0.269108926544999,-0.7101606155053489,113.02737789203078
Wright,7,2024,2,1,2,5.5,5.5,5.5,5.5,5.0,6.0,75.208984375,75.208984375,75.208984375,75.208984375,150.41796875,0.0,171.69964932499903,113.02737789203078,230.37192075796727,113.02737789203078,10.0,8.0,6.0,10.0,4,3.0,2.0,0.15230158777430935,-0.05747564386194037,0.3620788194105591,-0.05747564386194037,0.57,-0.269108926544999,0.0
Wright,7,2025,1,1,3,6.0,6.0,6.0,6.0,6.0,6.0,282.8512544802867,282.8512544802867,282.8512544802867,282.8512544802867,282.8512544802867,282.8512544802867,114.46643288333269,0.0,230.37192075796727,0.0,11.0,9.0,6.0,11.0,0,3.0,2.0,0.010948926000089225,-0.14828737549862991,0.17018522749880838,-0.14828737549862991,0.23,-0.4069452059948766,283.3121212121212
Yukeembruk,3,2024,4,2,1,6.0,6.0,6.0,6.0,5.0,7.0,205.43490455024732,211.37739305666886,211.37739305666886,199.49241604382578,294.9291773778919,143.14050179211472,,,,,7.0,7.0,7.0,7.0,0,6.0,2.0,-0.2681230941647381,-0.5985523789869278,0.06230619065745163,-0.5985523789869278,0.9714175885038993,-0.9,265.6515384615385
Yukeembruk,3,2025,4,2,1,4.333333333333333,4.0,4.0,4.666666666666667,3.0,6.0,112.40726311919862,88.55051282051284,136.2640134178844,88.55051282051284,265.6515384615385,0.0,265.6515384615385,265.6515384615385,265.6515384615385,265.6515384615385,10.0,8.5,7.0,10.0,0,8.0,3.0,-0.33224502040804654,-0.43821158428683293,0.17938518169460532,-0.7265456697312407,0.9024994487789605,-0.837180340130069,217.87041666666664
Yukeembruk,4,2024,1,1,3,6.0,6.0,6.0,6.0,6.0,6.0,143.14050179211472,143.14050179211472,143.14050179211472,143.14050179211472,143.14050179211472,143.14050179211472,,,,,7.0,7.0,7.0,7.0,4,3.0,2.0,-0.3390097855823309,-0.7324640883651461,0.054444517200484266,-0.7324640883651461,0.9024994487789605,-0.793610414377992,0.0
Yukeembruk,4,2025,3,2,2,5.75,5.5,5.5,6.0,5.0,7.0,73.73229434447298,0.0,147.46458868894595,0.0,294.9291773778919,0.0,0.0,0.0,0.0,0.0,10.0,8.5,7.0,10.0,0,4.0,2.0,-0.4737302011726349,-0.6901733251848774,-0.2572870771603925,-0.6901733251848774,0.9024994487789605,-0.837180340130069,242.4215251865672
Yukeembruk,5,2023,1,1,3,6.0,6.0,6.0,6.0,6.0,6.0,296.4005681818182,296.4005681818182,296.4005681818182,296.4005681818182,296.4005681818182,296.4005681818182,,,,,,,,,0,4.0,2.0,1.0711813237532495,0.9714175885038993,1.1709450590025996,0.9714175885038993,1.57,0.9714175885038993,196.0625
Yukeembruk,5,2024,1,1,3,5.0,5.0,5.0,5.0,5.0,5.0,349.936,349.936,349.936,349.936,349.936,349.936,196.0625,196.0625,196.0625,196.0625,7.0,7.0,7.0,7.0,4,3.0,2.0,-0.9275796963380887,-1.374500511500027,-0.4806588811761501,-1.374500511500027,-0.29,-2.077683260647754,0.0
Yukeembruk,5,2025,2,1,2,6.0,6.0,6.0,6.0,5.0,7.0,0.0,0.0,0.0,0.0,0.0,0.0,98.03125,0.0,196.0625,0.0,10.0,8.5,7.0,10.0,0,4.0,2.0,-0.6748889709513243,-0.6489032289230674,-0.6489032289230674,-0.700874712979581,-0.6376959622084509,-0.793610414377992,155.02333065164925
Yukeembruk,6,2023,0,0,4,,,,,,,,,,,,,,,,,,,,,0,4.0,1.0,0.9369585186414299,0.9369585186414299,0.9369585186414299,0.9369585186414299,0.9714175885038993,0.9024994487789605,143.14050179211472
Yukeembruk,6,2024,2,1,2,6.0,6.0,6.0,6.0,5.0,7.0,245.49583868894595,245.49583868894595,245.49583868894595,245.49583868894595,294.9291773778919,196.0625,143.14050179211472,143.14050179211472,143.14050179211472,143.14050179211472,7.0,7.0,7.0,7.0,4,5.0,2.0,0.12974174403460834,-0.23310242592690522,0.4925859139961219,-0.23310242592690522,0.9714175885038993,-0.39615929529449406,0.0
Yukeembruk,6,2025,1,1,3,7.0,7.0,7.0,7.0,7.0,7.0,0.0,0.0,0.0,0.0,0.0,0.0,71.57025089605736,0.0,143.14050179211472,0.0,10.0,8.5,7.0,10.0,0,2.0,1.0,-0.23872720636521486,-0.23872720636521486,-0.23872720636521486,-0.23872720636521486,0.3597259273996393,-0.837180340130069,138.05666914130177
Yukeembruk,7,2023,1,1,3,7.0,7.0,7.0,7.0,7.0,7.0,259.2742463393626,259.2742463393626,259.2742463393626,259.2742463393626,259.2742463393626,259.2742463393626,,,,,,,,,0,3.0,1.0,0.30166629918597365,0.30166629918597365,0.30166629918597365,0.30166629918597365,0.9024994487789605,-0.9,294.9291773778919
Yukeembruk,7,2024,2,2,3,5.5,5.0,5.0,6.0,5.0,6.0,246.2315340909091,196.0625,296.4005681818182,196.0625,296.4005681818182,196.0625,294.9291773778919,294.9291773778919,294.9291773778919,294.9291773778919,7.0,7.0,7.0,7.0,4,4.0,3.0,-0.03926215832076174,-0.594884854836243,0.38819479281100405,-0.594884854836243,1.57,-0.793610414377992,0.0
Yukeembruk,7,2025,3,1,1,5.333333333333333,5.333333333333333,5.333333333333333,5.333333333333333,4.0,6.0,47.71350059737157,47.71350059737157,47.71350059737157,47.71350059737157,143.14050179211472,0.0,147.46458868894595,0.0,294.9291773778919,0.0,10.0,8.5,7.0,10.0,0,3.0,2.0,0.17737388539580884,0.06711862418691511,0.2876291466047026,0.06711862418691511,0.9714175885038993,-0.837180340130069,179.39999999999998
