college,division,year,total_runner_exp,avg_runner_score,max_runner_score
BNG,1.0,2022,0,,
BNG,1.0,2023,1,61.07633587786264,61.07633587786264
BNG,1.0,2024,2,227.45317647058826,239.45568627450982
BNG,1.0,2025,4,168.11637485185116,242.542071197411
BNG,2.0,2022,0,,
BNG,2.0,2023,2,215.4506666666667,215.4506666666667
BNG,2.0,2024,3,63.386388888888895,253.54555555555558
BNG,2.0,2025,3,202.15550610231622,253.47967479674787
BNG,3.0,2022,0,,
BNG,3.0,2023,2,212.94487080103357,253.54555555555558
BNG,3.0,2024,4,155.70252563140787,190.4677419354839
BNG,3.0,2025,1,158.31312217194576,158.31312217194576
BNG,4.0,2022,0,,
BNG,4.0,2023,2,212.94487080103357,253.54555555555558
BNG,4.0,2024,5,201.66566946302717,253.47967479674787
BNG,4.0,2025,2,157.07736039288386,191.95135135135135
BNG,5.0,2022,0,,
BNG,5.0,2023,2,186.93181818181824,186.93181818181824
BNG,5.0,2024,2,212.80334190231363,212.80334190231363
BNG,5.0,2025,1,122.2033694344164,122.2033694344164
BNG,6.0,2022,0,,
BNG,6.0,2023,1,86.40333333333328,86.40333333333328
BNG,6.0,2024,3,113.4269029931094,172.3441860465116
BNG,6.0,2025,0,,
BNG,7.0,2022,0,,
BNG,7.0,2023,1,172.3441860465116,172.3441860465116
BNG,7.0,2024,1,192.75,192.75
BNG,7.0,2025,2,95.23387096774195,190.4677419354839
Bruce,1.0,2022,0,,
Bruce,1.0,2023,2,173.13167938931295,173.13167938931295
Bruce,1.0,2024,3,190.78922815321664,278.08211382113814
Bruce,1.0,2025,4,132.4548233872296,232.991452991453
Bruce,2.0,2022,0,,
Bruce,2.0,2023,1,218.63466666666667,218.63466666666667
Bruce,2.0,2024,4,204.64322633533024,278.08211382113814
Bruce,2.0,2025,2,51.157407407407426,102.31481481481485
Bruce,3.0,2022,0,,
Bruce,3.0,2023,1,173.13167938931295,173.13167938931295
Bruce,3.0,2024,1,102.31481481481485,102.31481481481485
Bruce,3.0,2025,1,213.9190938511327,213.9190938511327
Bruce,4.0,2022,0,,
Bruce,4.0,2023,1,86.40333333333328,86.40333333333328
Bruce,4.0,2024,2,139.0329583333333,218.63466666666667
Bruce,4.0,2025,1,123.98156682027648,123.98156682027648
Bruce,5.0,2022,0,,
Bruce,5.0,2023,2,228.47788888888886,238.32111111111107
Bruce,5.0,2024,3,240.6749216176777,278.08211382113814
Bruce,5.0,2025,2,94.35907407407407,102.31481481481485
Bruce,6.0,2022,0,,
Bruce,6.0,2023,2,217.1719191919192,238.32111111111107
Bruce,6.0,2024,0,,
Bruce,6.0,2025,2,243.74086274509807,268.8470588235295
Bruce,7.0,2022,0,,
Bruce,7.0,2023,2,196.0227272727273,196.0227272727273
Bruce,7.0,2024,2,123.87077501666192,145.426735218509
Bruce,7.0,2025,2,75.33173173173174,102.31481481481485
Burgmann,1.0,2023,1,71.64000000000003,71.64000000000003
Burgmann,1.0,2024,4,0.0,0.0
Burgmann,1.0,2025,3,140.7227752639518,211.0841628959277
Burgmann,2.0,2023,2,71.64000000000003,71.64000000000003
Burgmann,2.0,2024,2,0.0,0.0
Burgmann,2.0,2025,3,72.94802815986078,115.38998835855648
Burgmann,3.0,2023,1,71.64000000000003,71.64000000000003
Burgmann,3.0,2025,2,67.70046082949312,135.40092165898625
Burgmann,4.0,2023,0,,
Burgmann,4.0,2024,2,0.0,0.0
Burgmann,4.0,2025,2,56.28648648648647,112.57297297297293
Burgmann,5.0,2022,0,,
Burgmann,5.0,2023,0,,
Burgmann,5.0,2024,0,,
Burgmann,5.0,2025,3,86.54249126891736,115.38998835855648
Burgmann,6.0,2022,0,,
Burgmann,6.0,2023,1,178.20930232558132,178.20930232558132
Burgmann,6.0,2024,1,0.0,0.0
Burgmann,6.0,2025,2,30.506067961165076,61.01213592233015
Burgmann,7.0,2022,0,,
Burgmann,7.0,2023,2,116.09328752642705,178.20930232558132
Burgmann,7.0,2024,2,124.07969151670952,124.07969151670952
Burgmann,7.0,2025,2,137.63186877173138,139.8628158844765
Div X,0.0,2022,0,,
Div X,2.0,2023,0,,
Div X,2.0,2024,3,160.15104674606152,199.97812499999998
Div X,2.0,2025,3,0.0,0.0
Div X,4.0,2023,3,192.49343681085668,270.81297709923666
Div X,5.0,2023,2,0.0,0.0
Div X,5.0,2024,3,196.87617732558138,255.99
Div X,5.0,2025,18,45.50130218825695,211.0841628959277
Div X,6.0,2023,0,,
Div X,6.0,2025,8,75.32107027693895,153.36266666666666
Fenner,1.0,2022,0,,
Fenner,1.0,2024,3,106.23780487804879,141.65040650406505
Fenner,1.0,2025,3,40.66123399301514,121.9837019790454
Fenner,2.0,2022,0,,
Fenner,2.0,2023,2,125.78816793893127,251.57633587786253
Fenner,2.0,2024,4,88.05851759597756,117.89122137404584
Fenner,2.0,2025,2,116.74893548088497,158.22864019253913
Fenner,3.0,2022,0,,
Fenner,3.0,2023,2,0.0,0.0
Fenner,3.0,2024,3,81.2404824818947,117.89122137404584
Fenner,3.0,2025,3,116.97942190251393,163.13364055299533
Fenner,4.0,2023,1,0.0,0.0
Fenner,4.0,2024,4,155.36687078066709,251.57633587786253
Fenner,4.0,2025,1,163.13364055299533,163.13364055299533
Fenner,5.0,2023,0,,
Fenner,5.0,2024,2,150.26099537037038,228.24074074074073
Fenner,5.0,2025,2,209.01361361361364,228.24074074074073
Fenner,6.0,2023,1,117.89122137404584,117.89122137404584
Fenner,6.0,2024,1,53.741935483870954,53.741935483870954
Fenner,6.0,2025,2,157.97616892911014,226.7728506787331
Fenner,7.0,2022,0,,
Fenner,7.0,2023,1,0.0,0.0
Fenner,7.0,2024,1,228.24074074074073,228.24074074074073
Fenner,7.0,2025,1,189.78648648648652,189.78648648648652
Griffin,1.0,2022,0,,
Griffin,1.0,2023,3,265.87198473282444,270.81297709923666
Griffin,1.0,2024,8,129.00521890435564,270.81297709923666
Griffin,1.0,2025,10,133.40378671293612,274.9312297734628
Griffin,2.0,2023,1,255.99,255.99
Griffin,2.0,2024,2,0.0,0.0
Griffin,2.0,2025,4,162.10759192727895,278.08211382113814
Griffin,3.0,2022,0,,
Griffin,3.0,2025,0,,
Griffin,4.0,2022,0,,
Griffin,4.0,2023,1,255.99,255.99
Griffin,4.0,2025,4,120.58276565086813,242.542071197411
Griffin,5.0,2022,0,,
Griffin,5.0,2023,3,107.34887870957641,145.21777777777777
Griffin,5.0,2025,2,117.83287730414746,179.44700460829495
Griffin,6.0,2022,0,,
Griffin,6.0,2023,3,82.99598308668081,104.66976744186047
Griffin,6.0,2024,0,,
Griffin,6.0,2025,3,147.7224418604651,243.10999999999993
Griffin,7.0,2022,0,,
Griffin,7.0,2023,2,82.25333333333333,82.25333333333333
Griffin,7.0,2024,2,76.53499051233393,88.2635294117647
Griffin,7.0,2025,2,35.820000000000014,71.64000000000003
Johns,1.0,2022,0,,
Johns,1.0,2023,2,0.0,0.0
Johns,1.0,2024,6,78.0300101626016,167.9766666666666
Johns,1.0,2025,3,120.87420814479643,161.16561085972856
Johns,2.0,2023,2,164.11899999999994,167.9766666666666
Johns,2.0,2024,2,76.04390243902436,152.08780487804873
Johns,2.0,2025,2,27.73076923076928,55.46153846153856
Johns,3.0,2022,0,,
Johns,3.0,2023,2,83.9883333333333,167.9766666666666
Johns,3.0,2024,3,136.63594539141417,199.97812499999998
Johns,3.0,2025,1,106.66305655836341,106.66305655836341
Johns,4.0,2023,1,160.26133333333328,160.26133333333328
Johns,4.0,2024,1,199.97812499999998,199.97812499999998
Johns,4.0,2025,1,0.0,0.0
Johns,5.0,2022,0,,
Johns,5.0,2023,1,195.45454545454547,195.45454545454547
Johns,5.0,2024,0,,
Johns,5.0,2025,1,75.55555555555559,75.55555555555559
Johns,6.0,2022,0,,
Johns,6.0,2023,3,172.6929974160206,175.05116279069762
Johns,6.0,2024,1,110.07069408740354,110.07069408740354
Johns,6.0,2025,0,,
Johns,7.0,2022,0,,
Johns,7.0,2023,1,160.26133333333328,160.26133333333328
Johns,7.0,2024,0,,
Johns,7.0,2025,0,,
Lodge,1.0,2024,4,129.97500945911827,251.57633587786253
Lodge,1.0,2025,5,133.11303700618728,215.42556634304208
Lodge,2.0,2023,4,62.89408396946563,251.57633587786253
Lodge,3.0,2024,7,66.86886537235058,141.65040650406505
Lodge,4.0,2022,0,,
Lodge,5.0,2023,1,70.45454545454552,70.45454545454552
Lodge,5.0,2024,4,52.60211775504853,141.65040650406505
Lodge,5.0,2025,5,79.51319941818937,101.41538461538468
Lodge,6.0,2022,0,,
Lodge,6.0,2023,1,70.45454545454552,70.45454545454552
Lodge,6.0,2024,1,68.75806451612908,68.75806451612908
Lodge,7.0,2023,0,,
Lodge,7.0,2024,3,72.62361606099556,124.07969151670952
Lodge,7.0,2025,0,,
Ursula,1.0,2023,3,189.4433333333333,189.4433333333333
Ursula,1.0,2024,3,47.360833333333325,189.4433333333333
Ursula,1.0,2025,2,29.2256756756757,58.4513513513514
Ursula,2.0,2024,5,147.26837962962964,189.4433333333333
Ursula,2.0,2025,3,33.51901294498383,134.0760517799353
Ursula,3.0,2022,0,,
Ursula,3.0,2023,0,,
Ursula,3.0,2024,1,156.66666666666666,156.66666666666666
Ursula,3.0,2025,1,91.48777648428404,91.48777648428404
Ursula,4.0,2022,0,,
Ursula,4.0,2023,1,0.0,0.0
Ursula,4.0,2024,1,0.0,0.0
Ursula,4.0,2025,1,0.0,0.0
Ursula,5.0,2022,0,,
Ursula,5.0,2023,1,149.648,149.648
Ursula,5.0,2024,1,80.61290322580648,80.61290322580648
Ursula,5.0,2025,0,,
Ursula,6.0,2022,0,,
Ursula,6.0,2023,0,,
Ursula,6.0,2024,0,,
Ursula,6.0,2025,1,134.2117930204573,134.2117930204573
Ursula,7.0,2022,0,,
Ursula,7.0,2023,1,165.12558139534883,165.12558139534883
Ursula,7.0,2024,3,41.28139534883721,165.12558139534883
Ursula,7.0,2025,2,67.03802588996766,134.0760517799353
Wamburun,1.0,2024,4,183.3103518518519,237.15
Wamburun,1.0,2025,3,46.625378290912316,64.02508090614893
Wamburun,3.0,2024,1,135.42030848329043,135.42030848329043
Wamburun,3.0,2025,3,33.85507712082261,135.42030848329043
Wamburun,4.0,2022,0,,
Wamburun,4.0,2023,3,152.3015142118863,237.15
Wamburun,4.0,2024,4,208.22551772202314,237.15
Wamburun,4.0,2025,1,133.52270081490116,133.52270081490116
Wamburun,5.0,2022,0,,
Wamburun,5.0,2023,2,109.87727131782947,150.23720930232557
Wamburun,5.0,2024,2,142.828758892808,150.23720930232557
Wamburun,5.0,2025,1,92.53549939831531,92.53549939831531
Wamburun,6.0,2023,1,237.15,237.15
Wamburun,6.0,2024,0,,
Wamburun,6.0,2025,0,,
Wamburun,7.0,2022,0,,
Wamburun,7.0,2023,1,150.23720930232557,150.23720930232557
Wamburun,7.0,2024,0,,
Wamburun,7.0,2025,3,30.845166466105102,92.53549939831531
Wright,1.0,2023,2,164.2045454545455,164.2045454545455
Wright,1.0,2025,3,22.085937499999996,88.34374999999999
Wright,2.0,2023,1,164.2045454545455,164.2045454545455
Wright,2.0,2025,2,0.0,0.0
Wright,3.0,2023,2,153.36266666666666,153.36266666666666
Wright,3.0,2024,5,68.76043201624086,164.2045454545455
Wright,3.0,2025,1,120.08423586040918,120.08423586040918
Wright,4.0,2023,1,153.36266666666666,153.36266666666666
Wright,4.0,2024,1,88.34374999999999,88.34374999999999
Wright,4.0,2025,1,0.0,0.0
Wright,5.0,2022,0,,
Wright,5.0,2023,0,,
Wright,5.0,2024,4,140.62435204991087,164.2045454545455
Wright,5.0,2025,0,,
Wright,6.0,2022,0,,
Wright,6.0,2023,0,,
Wright,6.0,2024,1,152.04186046511626,152.04186046511626
Wright,6.0,2025,1,0.0,0.0
Wright,7.0,2022,0,,
Wright,7.0,2023,1,152.04186046511626,152.04186046511626
Wright,7.0,2024,2,44.17187499999999,88.34374999999999
Wright,7.0,2025,1,201.53225806451613,201.53225806451613
Yukeembruk,3.0,2024,4,133.23810968809036,204.7982005141387
Yukeembruk,3.0,2025,4,76.55599669148056,189.36153846153846
Yukeembruk,4.0,2024,1,80.61290322580648,80.61290322580648
Yukeembruk,4.0,2025,3,51.199550128534675,204.7982005141387
Yukeembruk,5.0,2023,1,196.0227272727273,196.0227272727273
Yukeembruk,5.0,2024,1,218.63466666666667,218.63466666666667
Yukeembruk,5.0,2025,2,0.0,0.0
Yukeembruk,6.0,2023,0,,
Yukeembruk,6.0,2024,2,166.64910025706934,204.7982005141387
Yukeembruk,6.0,2025,1,0.0,0.0
Yukeembruk,7.0,2023,1,176.40465116279063,176.40465116279063
Yukeembruk,7.0,2024,2,162.26136363636363,196.0227272727273
Yukeembruk,7.0,2025,3,26.87096774193549,80.61290322580648
